-2.0,0.0
-1.9489744872436219,0.0
-1.8979489744872438,0.0
-1.8469234617308654,0.0
-1.7958979489744873,0.0
-1.7448724362181092,0.0
-1.6938469234617308,0.0
-1.6428214107053527,0.0
-1.5917958979489746,0.0
-1.5407703851925962,0.0
-1.4897448724362181,0.0
-1.43871935967984,0.0
-1.3876938469234616,0.0
-1.3366683341670835,0.0
-1.2856428214107054,0.0
-1.2346173086543273,0.0
-1.183591795897949,0.0
-1.1325662831415708,0.0
-1.0815407703851927,0.0
-1.0305152576288144,0.0
-0.9794897448724362,0.0
-0.928464232116058,0.0
-0.8774387193596799,0.0
-0.8264132066033016,0.0
-0.7753876938469234,0.0
-0.7243621810905453,0.0
-0.673336668334167,0.0
-0.6223111555777889,0.0
-0.5712856428214107,0.0
-0.5202601300650325,0.0
-0.4692346173086543,0.0
-0.4182091045522761,0.0
-0.367183591795898,0.0
-0.3161580790395198,0.0
-0.2651325662831416,2.0948877072331606e-8
-0.21410705352676337,0.0002956602046321498
-0.1630815407703852,0.0060147095569187195
-0.112056028014007,0.05348785261360381
-0.061030515257628815,0.4414001327017753
-0.010005002501250625,0.6719064275654949
0.04102051025512756,0.6428688683376411
0.09204602301150576,0.6131980250429856
0.14307153576788395,0.5855046915487212
0.19409704852426213,0.559472218566012
0.2451225612806403,0.53477744092953
0.29614807403701854,0.5118173403939433
0.3471735867933967,0.4885323278919724
0.3981990995497749,0.46740576177152754
0.44922461230615307,0.4471026126713797
0.5002501250625312,0.4283633022070346
0.5512756378189094,0.41004685869770674
0.6023011505752877,0.3925770878645348
0.6533266633316658,0.37683965507756156
0.704352176088044,0.3611924437786396
0.7553776888444221,0.34587436058129717
0.8064032016008004,0.33196099192659356
0.8574287143571786,0.3181230836545518
0.9084542271135567,0.30477409173554626
0.959479739869935,0.29303802928725425
1.0105052526263132,0.2810494501178126
1.0615307653826915,0.27023012810187697
1.1125562781390697,0.25916896297171205
1.1635817908954478,0.24942963520958125
1.2146073036518261,0.23909236004090423
1.2656328164082042,0.23020221807287558
1.3166583291645824,0.22149250707856924
1.3676838419209605,0.21262955355410962
1.4187093546773388,0.2048900336096732
1.469734867433717,0.19701225603512296
1.520760380190095,0.1895546404894182
1.5717858929464732,0.1831458043282187
1.6228114057028513,0.17596230873612048
1.6738369184592294,0.16967459883787625
1.7248624312156078,0.1635613273499835
1.775887943971986,0.15750581843890551
1.826913456728364,0.15228768268223608
1.8779389694847424,0.14644782383265934
1.9289644822411205,0.1417886877664951
1.9799899949974986,0.13635731160554107
2.0310155077538767,0.1313477697888637
2.082041020510255,0.12730348930685112
2.1330665332666334,0.127299161485033
2.1840920460230113,0.11994705187197618
2.2351175587793897,0.11325230719342122
2.286143071535768,0.10904506229107203
2.337168584292146,0.10592167948041827
2.3881940970485243,0.10310695041522933
2.4392196098049026,0.10038892828289635
2.4902451225612805,0.09770562630065283
2.541270635317659,0.09499169676227705
2.5922961480740367,0.09224822976918871
2.643321660830415,0.08970436791747491
2.6943471735867934,0.08717981119675369
2.7453726863431713,0.08475121223507102
2.7963981990995497,0.08218444999910965
2.847423711855928,0.08006571401896478
2.898449224612306,0.07782164845841283
2.9494747373686843,0.0757040185879584
3.0005002501250626,0.07361983732363282
3.0515257628814405,0.07163314781859209
3.102551275637819,0.0697422337207997
3.153576788394197,0.06789708654732488
3.204602301150575,0.06611238914839968
3.2556278139069534,0.06439901990901922
3.306653326663332,0.06275391602485299
3.3576788394197097,0.06118879321862175
3.408704352176088,0.05963851223612819
3.4597298649324664,0.05745400160278053
3.5107553776888443,0.055023881182154545
3.5617808904452226,0.05459703383098638
3.612806403201601,0.053501071772518956
3.663831915957979,0.05230685765574032
3.714857428714357,0.05130012303006578
3.7658829414707355,0.050093111478296204
3.8169084542271134,0.04910289467754131
3.867933966983492,0.047942979216047864
3.91895947973987,0.04705257182319026
3.969984992496248,0.04594641945403862
4.021010505252627,0.045043554210961526
4.072036018009005,0.044013738337038366
4.1230615307653835,0.04323245899097264
4.1740870435217605,0.04235512184052668
4.225112556278138,0.04140530855789022
4.276138069034517,0.0406396720539166
4.327163581790895,0.03990491497852911
4.378189094547273,0.03904376348543075
4.429214607303652,0.03833465768655033
4.48024012006003,0.037591633041240455
4.531265632816408,0.03681840833849545
4.582291145572786,0.03575354209514605
4.633316658329164,0.03509933561804968
4.684342171085542,0.034639282285350716
4.735367683841921,0.034064138785009475
4.786393196598299,0.03350240438043533
4.837418709354677,0.03289409161728628
4.888444222111056,0.032361322453581504
4.9394697348674335,0.03173711218090714
4.990495247623811,0.031193548921702542
5.041520760380189,0.030723764501685114
5.092546273136568,0.03012617409310536
5.143571785892946,0.029727929871326726
5.194597298649324,0.02915568929142716
5.245622811405703,0.028684582801396116
5.2966483241620805,0.02829578162881997
5.347673836918458,0.027750869594160853
5.398699349674837,0.027262517928264427
5.449724862431215,0.02696235497089356
5.500750375187593,0.02641714976697481
5.551775887943972,0.026037111449671028
5.60280140070035,0.025624556293485895
5.653826913456728,0.025208476617086736
5.704852426213106,0.02486001466327744
5.755877938969484,0.024439444059645786
5.806903451725862,0.02413661413588123
5.857928964482241,0.023687761956180046
5.908954477238619,0.023365194693562203
5.959979989994997,0.023013211798474615
6.011005502751376,0.022673511891298903
6.0620310155077535,0.02232485654719192
6.113056528264131,0.02204830053741441
6.16408204102051,0.021668019544133943
6.215107553776888,0.021347950281834043
6.266133066533266,0.021036338481495106
6.317158579289645,0.020796480639521473
6.368184092046023,0.020447694179666208
6.4192096048024005,0.020134927356177123
6.470235117558779,0.019898659208743025
6.521260630315157,0.019602487482615165
6.572286143071535,0.01928215492957484
6.623311655827914,0.019042804039520102
6.674337168584292,0.01876003088586733
6.72536268134067,0.018506774747801418
6.7763881940970485,0.01828710157245854
6.827413706853426,0.017961431552723808
6.878439219609804,0.017759851478316057
6.929464732366183,0.01752506100746519
6.980490245122561,0.017254219787752077
7.031515757878939,0.017021968231938425
7.082541270635318,0.016818573201333963
7.133566783391696,0.016556310667902047
7.1845922961480735,0.01634134705117941
7.235617808904452,0.016135637099986576
7.28664332166083,0.015933550941360442
7.337668834417208,0.01569209642727905
7.388694347173587,0.015502566779282146
7.439719859929965,0.015327304733706328
7.490745372686343,0.015066403722956275
7.5417708854427215,0.015004619895765793
7.592796398199099,0.014661464028767286
7.643821910955477,0.014398424201542281
7.694847423711856,0.014297953781966822
7.745872936468234,0.014046589112995049
7.796898449224612,0.013875493947658055
7.847923961980991,0.013670374565742875
7.8989494747373685,0.013532911769212952
7.949974987493746,0.013319852239149454
8.001000500250125,0.013160173811090685
8.052026013006504,0.01299702679060168
8.103051525762883,0.01280432717842875
8.15407703851926,0.012636215269500903
8.205102551275639,0.012485807765020318
8.256128064032017,0.012325029390394308
8.307153576788394,0.01214685838299373
8.358179089544773,0.011993833478729626
8.409204602301152,0.011871760061616086
8.460230115057529,0.011661203858008042
8.511255627813908,0.01156986654385705
8.562281140570287,0.01138560518247546
8.613306653326664,0.011232249072395936
8.664332166083042,0.011127813205468904
8.715357678839421,0.01093875892071992
8.766383191595798,0.010820609934299504
8.817408704352177,0.010683595986583718
8.868434217108556,0.010553270953999092
8.919459729864933,0.010415152024068551
8.970485242621312,0.010279258319932765
9.02151075537769,0.010153029211389405
9.072536268134067,0.010011167144356634
9.123561780890446,0.009906340812221786
9.174587293646825,0.009780044771960537
9.225612806403202,0.009658779568998946
9.27663831915958,0.009555816777495686
9.32766383191596,0.009413819627908793
9.378689344672337,0.009242149414510981
9.429714857428715,0.009104729096639626
9.480740370185094,0.009017022528880186
9.531765882941471,0.008899909109720256
9.58279139569785,0.008782172200626721
9.633816908454229,0.008649544899947915
9.684842421210606,0.008553773889864282
9.735867933966984,0.008461325967188018
9.786893446723363,0.008337300598814636
9.83791895947974,0.0082359020133614
9.888944472236119,0.00810858055159065
9.939969984992496,0.008040986185375196
9.990995497748875,0.00792453818306207
10.042021010505254,0.007815302454897354
10.09304652326163,0.0077402405977617696
10.14407203601801,0.007621170339728306
10.195097548774388,0.007536341335773844
10.246123061530765,0.0074396315038431785
10.297148574287144,0.007342756794535972
10.348174087043523,0.007244291924035064
10.3991995997999,0.007170422170400617
10.450225112556279,0.007074040846380473
10.501250625312657,0.006967857595299742
10.552276138069034,0.006906219529577424
10.603301650825413,0.006816275962076246
10.654327163581792,0.006721545679013643
10.705352676338169,0.006673330947424134
10.756378189094548,0.0065714690688541385
10.807403701850927,0.006485916219526741
10.858429214607304,0.006362083970142514
10.909454727363682,0.006290577105862233
10.960480240120061,0.006204166313839167
11.011505752876438,0.006117117024688069
11.062531265632817,0.006054552193484692
11.113556778389196,0.005972041097482382
11.164582291145573,0.005891615684733307
11.215607803901952,0.005829137287549575
11.26663331665833,0.005733938062771453
11.317658829414707,0.0056816847711668415
11.368684342171086,0.005606078237185521
11.419709854927465,0.005544989886412218
11.470735367683842,0.0054675807625951655
11.52176088044022,0.005400707982253355
11.5727863931966,0.005333808198502285
11.623811905952977,0.005261891235185205
11.674837418709355,0.005192210084448044
11.725862931465734,0.0051421936123619
11.776888444222111,0.005066775608619522
11.82791395697849,0.004986847143463438
11.878939469734869,0.004953164094600892
11.929964982491246,0.00487943301241567
11.980990495247624,0.004818927101560174
12.032016008004003,0.004754707674826563
12.08304152076038,0.004713454806033541
12.134067033516759,0.0046568182417369725
12.185092546273138,0.004626280875430453
12.236118059029515,0.004501198351089174
12.287143571785894,0.004447319039209384
12.338169084542272,0.004399162033874813
12.38919459729865,0.0043339202621726775
12.440220110055028,0.004282772584200979
12.491245622811407,0.0042305393183544125
12.542271135567784,0.00417670525315879
12.593296648324163,0.00412686573497454
12.644322161080542,0.004072420243760892
12.695347673836919,0.0040230183318306235
12.746373186593297,0.003967394695420434
12.797398699349676,0.003917045478582132
12.848424212106053,0.0038802907258372625
12.899449724862432,0.003820622240363868
12.95047523761881,0.003769184651068911
13.001500750375188,0.00373114594857644
13.052526263131567,0.003684351707384862
13.103551775887945,0.0036377490762267363
13.154577288644322,0.0035901169363191554
13.205602801400701,0.003547710317315503
13.25662831415708,0.0034972102950373025
13.307653826913457,0.0034643773264472102
13.358679339669836,0.0034120392265608716
13.409704852426215,0.0033727968247441184
13.460730365182592,0.0033378490866139933
13.51175587793897,0.0032868478108603314
13.56278139069535,0.003254068202706329
13.613806903451726,0.0032285438759965253
13.664832416208105,0.003153501084514958
13.715857928964484,0.0031129202392246188
13.76688344172086,0.0030742174200331157
13.81790895447724,0.003037109219307975
13.868934467233618,0.002994244852263405
13.919959979989995,0.002960776376465119
13.970985492746374,0.00292046402039552
14.022011005502753,0.002886491079266669
14.07303651825913,0.002852506547653558
14.124062031015509,0.0028079980539761767
14.175087543771888,0.0027799761908999703
14.226113056528265,0.002750611239618951
14.277138569284643,0.0027073564282409667
14.328164082041022,0.002676587597662861
14.379189594797399,0.0026408492213927225
14.430215107553778,0.0026120251201400017
14.481240620310157,0.0025763199752581335
14.532266133066532,0.0025424727707630216
14.58329164582291,0.0025151766207102506
14.63431715857929,0.0024830454756474677
14.685342671335667,0.0024495664477157493
14.736368184092045,0.0024205647067531977
14.787393696848424,0.002387792069479924
14.838419209604801,0.0023616876452600133
14.88944472236118,0.002334530737549131
14.940470235117559,0.002305541320276195
14.991495747873936,0.002287830354565489
15.042521260630314,0.0022380622008800633
15.093546773386693,0.0022074690100498616
15.14457228614307,0.002176418586036291
15.195597798899449,0.0021500277749984436
15.246623311655828,0.0021263743672139987
15.297648824412205,0.002098631803419336
15.348674337168584,0.00207318424229606
15.399699849924962,0.0020418919389684318
15.45072536268134,0.0020210405896772103
15.501750875437718,0.001996577606053527
15.552776388194097,0.0019713605393591504
15.603801900950474,0.0019441619830073158
15.654827413706853,0.0019191780861765922
15.705852926463232,0.001897549192399119
15.756878439219609,0.0018750453073462369
15.807903951975987,0.0018490808144465097
15.858929464732366,0.0018239018921084908
15.909954977488743,0.0018054693773548352
15.960980490245122,0.001779929494071254
16.0120060030015,0.001758706158763441
16.063031515757878,0.0017384377559944424
16.114057028514257,0.0017162379175666032
16.165082541270635,0.001688410918796508
16.216108054027014,0.001676031840257175
16.26713356678339,0.0016508514164121884
16.318159079539768,0.0016382037549916083
16.369184592296147,0.0016254965500397942
16.420210105052526,0.0015851849824011371
16.471235617808905,0.0015654074472799112
16.522261130565283,0.0015446309844948226
16.57328664332166,0.0015225341179347669
16.624312156078037,0.001509429184877168
16.675337668834416,0.0014837298975317178
16.726363181590795,0.001470049560785624
16.777388694347174,0.0014497968349050656
16.828414207103553,0.001432957751128648
16.879439719859928,0.0014134540263144209
16.930465232616307,0.0013975716997510735
16.981490745372685,0.0013800466099674372
17.032516258129064,0.0013581542002885855
17.083541770885443,0.001342377888957579
17.13456728364182,0.0013274368804809921
17.185592796398197,0.0013139213367633618
17.236618309154576,0.0012922696202031128
17.287643821910955,0.0012815615315553953
17.338669334667333,0.0012607410440565732
17.389694847423712,0.0012478625977472876
17.44072036018009,0.0012283034557935735
17.491745872936466,0.0012165193252235132
17.542771385692845,0.0012024532818022875
17.593796898449224,0.0011835736615179316
17.644822411205602,0.0011736514039057012
17.69584792396198,0.0011577186441158367
17.74687343671836,0.001147301909878578
17.797898949474735,0.0011304837463924256
17.848924462231114,0.0011085883611449737
17.899949974987493,0.0010952888876656426
17.95097548774387,0.0010794814474412498
18.00200100050025,0.0010684893626668511
18.05302651325663,0.0010537365431905104
18.104052026013004,0.0010423850347032419
18.155077538769383,0.0010276161357381751
18.206103051525762,0.0010146591201359544
18.25712856428214,0.001003210741023837
18.30815407703852,0.0009898679294108033
18.3591795897949,0.0009784693073843853
18.410205102551274,0.0009633049123300926
18.461230615307652,0.0009514053455864065
18.51225612806403,0.0009403354266814893
18.56328164082041,0.0009294853526492561
18.61430715357679,0.0009204340150310295
18.665332666333168,0.0009054939808508667
18.716358179089543,0.0008946857112087028
18.76738369184592,0.000883808847030957
18.8184092046023,0.000870926850118494
18.86943471735868,0.0008621923338298206
18.920460230115058,0.0008507149841950199
18.971485742871437,0.000842671548609636
19.022511255627812,0.0008288834151446669
19.07353676838419,0.0008196388226536815
19.12456228114057,0.0008138745005239157
19.17558779389695,0.0008029248243031301
19.226613306653327,0.0007859854666607534
19.277638819409706,0.000776788020175421
19.32866433216608,0.0007652530172269007
19.37968984492246,0.0007574803542663268
19.43071535767884,0.0007481900935106088
19.481740870435218,0.0007377541851291178
19.532766383191596,0.0007288565647212437
19.583791895947975,0.0007193869385574976
19.63481740870435,0.00070929097541082
19.68584292146073,0.0007027405357390559
19.736868434217108,0.0006923777564443355
19.787893946973487,0.0006843534391210097
19.838919459729865,0.0006740592854671412
19.88994497248624,0.0006683781038915961
19.94097048524262,0.0006578375120901807
19.991995997999,0.0006499188492498681
20.043021510755377,0.000643645084593566
20.094047023511756,0.0006327409445413838
20.145072536268135,0.0006276772533954266
20.19609804902451,0.0006179296077290917
20.24712356178089,0.0006111255692437026
20.298149074537267,0.0006033351844332042
20.349174587293646,0.0005966483567683132
20.400200100050025,0.0005874613138133177
20.451225612806404,0.0005824908159567245
20.50225112556278,0.0005756341310219628
20.553276638319158,0.0005701737297683773
20.604302151075537,0.0005568726692491987
20.655327663831915,0.0005511645902955299
20.706353176588294,0.0005440678608382824
20.757378689344673,0.0005338515947172075
20.80840420210105,0.0005297844871037597
20.859429714857427,0.0005246191271002908
20.910455227613806,0.0005152499556630379
20.961480740370185,0.000510435347551508
21.012506253126563,0.0005040066888600908
21.063531765882942,0.0004978361166800085
21.114557278639317,0.0004897418807484892
21.165582791395696,0.0004863398172420027
21.216608304152075,0.00047834061644939197
21.267633816908454,0.0004724584293048984
21.318659329664833,0.00046735947285556664
21.36968484242121,0.00046063015650501756
21.420710355177587,0.00045515175947271377
21.471735867933965,0.0004497800723728338
21.522761380690344,0.0004431783337592437
21.573786893446723,0.00043861931877530895
21.6248124062031,0.0004334509821063493
21.67583791895948,0.0004276856864004276
21.726863431715856,0.00042172805917591933
21.777888944472235,0.00041795815331488684
21.828914457228613,0.00041205681998834415
21.879939969984992,0.00040723867744815387
21.93096548274137,0.0004055127234791336
21.98199099549775,0.0003955199038414993
22.033016508254125,0.000390181932459541
22.084042021010504,0.00038491582542209986
22.135067533766883,0.0003799971188036273
22.18609304652326,0.0003753305033949144
22.23711855927964,0.00037040844043314657
22.28814407203602,0.0003662309584243038
22.339169584792394,0.0003621942998165107
22.390195097548773,0.000356458665171976
22.44122061030515,0.00035275371257818567
22.49224612306153,0.00034803937442425415
22.54327163581791,0.0003435189594533323
22.594297148574288,0.00033927920731323396
22.645322661330663,0.00033549906075510934
22.696348174087042,0.0003307107500005211
22.74737368684342,0.0003276375057958638
22.7983991995998,0.0003222773183579232
22.84942471235618,0.00031837545600240405
22.900450225112557,0.0003148405638582636
22.951475737868932,0.00031103283213262316
23.00250125062531,0.00030685359378848046
23.05352676338169,0.00030290561470210266
23.10455227613807,0.0002996206303361042
23.155577788894448,0.000295593723117502
23.206603301650826,0.00029133341914204693
23.2576288144072,0.00028919608527152907
23.30865432716358,0.0002864276900206701
23.35967983991996,0.00028148413422088634
23.410705352676338,0.00027669657557607345
23.461730865432717,0.0002729139714878849
23.512756378189096,0.0002696115511079105
23.56378189094547,0.00026592691668961965
23.61480740370185,0.00026322808047147194
23.66583291645823,0.0002590132556339086
23.716858429214607,0.0002562671420004741
23.767883941970986,0.0002536534606464266
23.818909454727365,0.00024919031091737506
23.86993496748374,0.0002469483857658719
23.92096048024012,0.00024404684801415788
23.971985992996498,0.0002400717350221419
24.023011505752876,0.00023761451268329288
24.074037018509255,0.00023487251646452044
24.125062531265634,0.0002313756773580786
24.17608804402201,0.0002286630062759225
24.227113556778388,0.0002258818468320308
24.278139069534767,0.00022343427996051704
24.329164582291146,0.00022032473015494214
24.380190095047524,0.00021736424314977088
24.431215607803903,0.0002147969751584592
24.48224112056028,0.00021246658079025922
24.533266633316657,0.0002094894522975102
24.584292146073036,0.00020707812018864747
24.635317658829415,0.00020488150201977448
24.686343171585793,0.00020220288105963526
24.737368684342172,0.00020003404201440961
24.788394197098548,0.00019632225427764212
24.839419709854926,0.00019334498624772452
24.890445222611305,0.00019113602938086648
24.941470735367684,0.0001888502589791245
24.992496248124063,0.00018605943112970434
25.04352176088044,0.00018375622424092897
25.094547273636817,0.00018183516427160514
25.145572786393195,0.00017914091468305588
25.196598299149574,0.00017767766850962258
25.247623811905953,0.00017467310774750463
25.298649324662332,0.00017265559739513758
25.34967483741871,0.0001708357153234248
25.400700350175086,0.00016820344732803875
25.451725862931465,0.00016630694556421792
25.502751375687843,0.0001639638199416007
25.553776888444222,0.00016247216144390776
25.6048024012006,0.0001601309404000966
25.65582791395698,0.00015814126130184972
25.706853426713355,0.00015569886433836858
25.757878939469734,0.00015427063859813357
25.808904452226113,0.0001527283618830615
25.85992996498249,0.00015019520459360128
25.91095547773887,0.00014855065905528114
25.96198099049525,0.000146912835853113
26.013006503251624,0.00014480857822998154
26.064032016008003,0.00014367391695751323
26.115057528764382,0.00014238082460762567
26.16608304152076,0.00013866442041792726
26.21710855427714,0.00013717702504023016
26.268134067033515,0.00013542729386327505
26.319159579789893,0.00013376971414593664
26.370185092546272,0.00013211689478786933
26.42121060530265,0.00013022729964965813
26.47223611805903,0.00012877896949861585
26.52326163081541,0.00012732721223895354
26.574287143571784,0.00012523082261451868
26.625312656328163,0.00012420390017949063
26.67633816908454,0.0001222794970045675
26.72736368184092,0.00012099207135773072
26.7783891945973,0.00011938029350161906
26.829414707353678,0.00011775539402649726
26.880440220110053,0.00011663485460352748
26.93146573286643,0.00011481149139585548
26.98249124562281,0.00011362175931845259
27.03351675837919,0.00011190816546192071
27.084542271135568,0.00011071039301836324
27.135567783891947,0.00010969986558981565
27.186593296648322,0.00010767574482378278
27.2376188094047,0.00010659277040337312
27.28864432216108,0.00010529034012144372
27.33966983491746,0.00010402053447997831
27.390695347673837,0.0001026078566293799
27.441720860430216,0.00010194043330535929
27.49274637318659,0.00010087437233674679
27.54377188594297,9.856130305818205e-5
27.59479739869935,9.716079589927475e-5
27.645822911455728,9.594496815733531e-5
27.696848424212106,9.484514755247283e-5
27.747873936968485,9.376141516108113e-5
27.79889944972486,9.239039897633919e-5
27.84992496248124,9.11071991109615e-5
27.900950475237618,9.019482614986234e-5
27.951975987993997,8.90740916020539e-5
28.003001500750376,8.791563405125157e-5
28.054027013506754,8.669541907396587e-5
28.10505252626313,8.563380727433664e-5
28.15607803901951,8.480863673312993e-5
28.207103551775887,8.334828565741022e-5
28.258129064532266,8.270797243578762e-5
28.309154577288645,8.138419660359833e-5
28.360180090045024,8.03853568153789e-5
28.4112056028014,7.944245075038755e-5
28.462231115557778,7.858543987772353e-5
28.513256628314156,7.750523727455125e-5
28.564282141070535,7.649804628032397e-5
28.615307653826914,7.557758964352908e-5
28.666333166583293,7.466157212522658e-5
28.717358679339668,7.357430102379539e-5
28.768384192096047,7.296316941784184e-5
28.819409704852426,7.183749122766365e-5
28.870435217608804,7.152922447390026e-5
28.921460730365183,7.003790255927201e-5
28.972486243121562,6.884239686911005e-5
29.023511755877937,6.813146317475804e-5
29.074537268634316,6.720385121762632e-5
29.125562781390695,6.641172094521261e-5
29.176588294147074,6.547175467906654e-5
29.227613806903452,6.473722242341881e-5
29.27863931965983,6.385578249102055e-5
29.329664832416206,6.312201194150219e-5
29.380690345172585,6.225066972593269e-5
29.431715857928964,6.149256844073196e-5
29.482741370685343,6.091326055606989e-5
29.53376688344172,5.9939045166676155e-5
29.5847923961981,5.918277462631908e-5
29.635817908954476,5.85347420206602e-5
29.686843421710854,5.7769392272458774e-5
29.737868934467233,5.6918277308369436e-5
29.788894447223612,5.651756749097426e-5
29.83991995997999,5.543068015302532e-5
29.89094547273637,5.495545360356762e-5
29.941970985492745,5.432566370501853e-5
29.992996498249124,5.3552450337651425e-5
30.044022011005502,5.290309158374853e-5
30.09504752376188,5.232271442557888e-5
30.14607303651826,5.151978684320016e-5
30.19709854927464,5.1024204030580616e-5
30.248124062031014,5.0477928800121704e-5
30.299149574787393,4.992487809535325e-5
30.35017508754377,4.888578758095982e-5
30.40120060030015,4.8189559636988825e-5
30.45222611305653,4.760933715661693e-5
30.503251625812908,4.708907269751934e-5
30.554277138569283,4.641960677533e-5
30.605302651325662,4.582627932926744e-5
30.65632816408204,4.53533210162479e-5
30.70735367683842,4.4688881742074337e-5
30.758379189594798,4.420349492547384e-5
30.809404702351177,4.3533389978450647e-5
30.860430215107552,4.318984841502635e-5
30.91145572786393,4.247594808626765e-5
30.96248124062031,4.1906315520068394e-5
31.01350675337669,4.15261607922617e-5
31.064532266133067,4.0863646021360496e-5
31.115557778889446,4.0474730171934586e-5
31.16658329164582,4.003705011965002e-5
31.2176088044022,3.9405120695066645e-5
31.26863431715858,3.889865244060285e-5
31.319659829914958,3.837074337102491e-5
31.370685342671337,3.7990608768845454e-5
31.421710855427715,3.756559127055963e-5
31.47273636818409,3.6978824499398704e-5
31.52376188094047,3.6618176279434755e-5
31.574787393696848,3.6126996975213065e-5
31.625812906453227,3.5779277281375036e-5
31.676838419209606,3.5373983386926863e-5
31.727863931965985,3.469753105584766e-5
31.77888944472236,3.424124249647469e-5
31.82991495747874,3.36990461406039e-5
31.880940470235117,3.3421043745955206e-5
31.931965982991496,3.283156359721603e-5
31.982991495747875,3.254534845264648e-5
32.03401700850425,3.209244842101835e-5
32.08504252126063,3.168061915515532e-5
32.13606803401701,3.1307029230177466e-5
32.18709354677339,3.09253363154037e-5
32.238119059529765,3.0490788056399462e-5
32.28914457228614,3.019185477532494e-5
32.34017008504252,2.9727960072884523e-5
32.3911955977989,2.9419129134647102e-5
32.44222111055528,2.903075654165189e-5
32.493246623311656,2.8648639339677463e-5
32.54427213606803,2.8287123975446695e-5
32.59529764882441,2.803923283011899e-5
32.64632316158079,2.7536209399187333e-5
32.69734867433717,2.727330468642209e-5
32.748374187093546,2.6872487655338836e-5
32.79939969984992,2.6602378120335136e-5
32.850425212606304,2.6249331265546382e-5
32.90145072536268,2.5922988876128203e-5
32.95247623811906,2.5609059522523214e-5
33.00350175087544,2.5312384983981933e-5
33.05452726363182,2.5229460848651946e-5
33.105552776388194,2.4531829578191314e-5
33.15657828914457,2.4236160020047773e-5
33.20760380190095,2.3894612356632614e-5
33.25862931465733,2.3665973006598203e-5
33.30965482741371,2.3304311709018297e-5
33.360680340170084,2.307587775683679e-5
33.41170585292646,2.2800127641340746e-5
33.46273136568284,2.2425629879465734e-5
33.51375687843922,2.2223876230992427e-5
33.5647823911956,2.1900721722474153e-5
33.615807903951975,2.1650741349665004e-5
33.66683341670836,2.1329630024070872e-5
33.71785892946473,2.107278233465844e-5
33.76888444222111,2.084809446049608e-5
33.81990995497749,2.0626220524165462e-5
33.870935467733865,2.027301153473641e-5
33.92196098049025,2.0041606625906232e-5
33.97298649324662,1.9811628034520924e-5
34.024012006003,1.9621283566643095e-5
34.07503751875938,1.931215668447975e-5
34.126063031515756,1.909902596300024e-5
34.17708854427214,1.879197218737989e-5
34.22811405702851,1.8569507834058237e-5
34.279139569784896,1.8428466582220658e-5
34.33016508254127,1.8125226875651976e-5
34.381190595297646,1.794959815821564e-5
34.43221610805403,1.7852289209543258e-5
34.483241620810404,1.743553292029568e-5
34.534267133566786,1.7155805158385433e-5
34.58529264632316,1.6968197514230168e-5
34.636318159079536,1.6829561567579338e-5
34.68734367183592,1.6505052679410535e-5
34.738369184592294,1.6357811298841726e-5
34.789394697348676,1.6116665319726486e-5
34.84042021010505,1.5893509600381555e-5
34.891445722861434,1.5764946828002693e-5
34.94247123561781,1.549410927607427e-5
34.993496748374184,1.5356764041710393e-5
35.04452226113057,1.5157003912482159e-5
35.09554777388694,1.4961819486580384e-5
35.146573286643324,1.4744307025253135e-5
35.1975987993997,1.458443361193798e-5
35.248624312156075,1.4406304495819517e-5
35.29964982491246,1.4241218780508388e-5
35.35067533766883,1.3999772741104287e-5
35.401700850425215,1.3882795110548843e-5
35.45272636318159,1.3689358669324007e-5
35.50375187593797,1.3557111341653192e-5
35.55477738869435,1.3302927354807771e-5
35.60580290145072,1.3235755673135923e-5
35.656828414207105,1.2994504817614075e-5
35.70785392696348,1.2878910932476842e-5
35.75887943971986,1.2698479012694088e-5
35.80990495247624,1.2639809564209188e-5
35.86093046523261,1.2416907861300098e-5
35.911955977988995,1.2182981139044385e-5
35.96298149074537,1.2014431358360148e-5
36.01400700350175,1.187578286084908e-5
36.06503251625813,1.1717851167483163e-5
36.11605802901451,1.1597716509275415e-5
36.167083541770886,1.1414181951378978e-5
36.21810905452726,1.1322528277875837e-5
36.26913456728364,1.1141593745079861e-5
36.32016008004002,1.0997045104312995e-5
36.3711855927964,1.0877683794803616e-5
36.422211105552776,1.0724600551119021e-5
36.47323661830915,1.062324982172065e-5
36.524262131065534,1.0485842509427434e-5
36.57528764382191,1.0298481783444047e-5
36.62631315657829,1.0224056968457223e-5
36.67733866933467,1.0066693805323746e-5
36.72836418209105,9.985401048118912e-6
36.779389694847424,9.804989991173255e-6
36.8304152076038,9.709432683840293e-6
36.88144072036018,9.586335587624254e-6
36.93246623311656,9.45134691927345e-6
36.98349174587294,9.351843831268937e-6
37.034517258629315,9.242309292871385e-6
37.08554277138569,9.123605409670343e-6
37.13656828414207,9.014735512106289e-6
37.18759379689845,8.924275141932546e-6
37.23861930965483,8.810050253731202e-6
37.289644822411205,8.638401597336511e-6
37.34067033516759,8.529307793981919e-6
37.39169584792396,8.421972776485716e-6
37.44272136068034,8.32299927217195e-6
37.49374687343672,8.210277293668417e-6
37.544772386193095,8.087740390317717e-6
37.59579789894948,8.00674420033347e-6
37.64682341170585,7.907447564557853e-6
37.69784892446223,7.81534147266803e-6
37.74887443721861,7.718760544396963e-6
37.799899949974986,7.582899467738423e-6
37.85092546273137,7.5181025195186954e-6
37.90195097548774,7.427934885671269e-6
37.952976488244126,7.330396391077018e-6
38.0040020010005,7.226275544801408e-6
38.055027513756876,7.147723551024996e-6
38.10605302651326,7.064377472802712e-6
38.157078539269634,6.949319733759018e-6
38.208104052026016,6.8829666354624285e-6
38.25912956478239,6.801721513862603e-6
38.31015507753877,6.713260623263663e-6
38.36118059029515,6.631259302757335e-6
38.412206103051524,6.525247357284987e-6
38.463231615807906,6.470977908431573e-6
38.51425712856428,6.378723502700112e-6
38.565282641320664,6.346018373310562e-6
38.61630815407704,6.246165702719162e-6
38.667333666833414,6.134232368721846e-6
38.7183591795898,6.04135531908421e-6
38.76938469234617,5.962129572848968e-6
38.820410205102554,5.896794056539786e-6
38.87143571785893,5.82201381705183e-6
38.922461230615305,5.742874469684804e-6
38.97348674337169,5.688530132244342e-6
39.02451225612806,5.582432532736346e-6
39.075537768884445,5.536359427765946e-6
39.12656328164082,5.47133744555533e-6
39.1775887943972,5.393450231162868e-6
39.22861430715358,5.324460792267602e-6
39.27963981990995,5.254823211690983e-6
39.330665332666335,5.1978592505352825e-6
39.38169084542271,5.124465354927196e-6
39.43271635817909,5.060552296303458e-6
39.48374187093547,5.016848131098585e-6
39.53476738369184,4.932923247124979e-6
39.585792896448226,4.8795731695837245e-6
39.6368184092046,4.802701596459831e-6
39.68784392196098,4.765728609686842e-6
39.73886943471736,4.695067653430029e-6
39.789894947473734,4.6442332628922765e-6
39.840920460230116,4.5734633474494014e-6
39.89194597298649,4.529329189080594e-6
39.94297148574287,4.483276885790577e-6
39.99399699849925,4.442048512743518e-6
40.04502251125563,4.3424164110852366e-6
40.096048024012006,4.281674282910335e-6
40.14707353676838,4.234177129020947e-6
40.198099049524764,4.182259648633256e-6
40.24912456228114,4.114215908230798e-6
40.30015007503752,4.079994064509215e-6
40.3511755877939,4.023592273690734e-6
40.40220110055027,3.970923615526509e-6
40.453226613306654,3.918308026049741e-6
40.50425212606303,3.869453097864593e-6
40.55527763881941,3.830966386013805e-6
40.60630315157579,3.7727992651567022e-6
40.65732866433217,3.730864133972481e-6
40.708354177088545,3.6850664901499255e-6
40.75937968984492,3.6391545085434627e-6
40.8104052026013,3.5862608218762238e-6
40.86143071535768,3.541737792153662e-6
40.91245622811406,3.5035213863173653e-6
40.963481740870435,3.454867403942892e-6
41.01450725362681,3.4102281240266654e-6
41.06553276638319,3.3730057338436546e-6
41.11655827913957,3.330801859449358e-6
41.16758379189595,3.2887278075108605e-6
41.218609304652325,3.2416903137298626e-6
41.26963481740871,3.208168271407229e-6
41.32066033016508,3.1809459368540024e-6
41.37168584292146,3.1325738155489636e-6
41.42271135567784,3.1043567616495333e-6
41.473736868434216,3.0259376649934747e-6
41.5247623811906,3.002265597138583e-6
41.57578789394697,2.961878577154035e-6
41.62681340670335,2.9267941794810904e-6
41.67783891945973,2.886566216219925e-6
41.728864432216106,2.8483157061799898e-6
41.77988994497249,2.819465462934587e-6
41.830915457728864,2.781155719664617e-6
41.881940970485246,2.742376668652142e-6
41.93296648324162,2.7137353095855044e-6
41.983991995998,2.67617170633718e-6
42.03501750875438,2.639680140752223e-6
42.086043021510754,2.6139276612916016e-6
42.13706853426714,2.568316291295586e-6
42.18809404702351,2.549881423311695e-6
42.23911955977989,2.511333334800565e-6
42.29014507253627,2.4878209929884604e-6
42.341170585292645,2.445455675131936e-6
42.39219609804903,2.4250029450835916e-6
42.4432216108054,2.3802501129225093e-6
42.494247123561784,2.3578694359917156e-6
42.54527263631816,2.3401933912402972e-6
42.596298149074535,2.2951841386865163e-6
42.64732366183092,2.281730534248829e-6
42.69834917458729,2.239874981903028e-6
42.749374687343675,2.2245706816663974e-6
42.80040020010005,2.2026466802007496e-6
42.851425712856425,2.14827444828118e-6
42.90245122561281,2.1322133371450816e-6
42.95347673836918,2.095575461004313e-6
43.004502251125565,2.0783580780650924e-6
43.05552776388194,2.0432163303793707e-6
43.10655327663832,2.022329613529828e-6
43.1575787893947,1.9928978325235356e-6
43.20860430215107,1.972226720764968e-6
43.259629814907456,1.9441734686422876e-6
43.31065532766383,1.9243621937306393e-6
43.36168084042021,1.8931631131284643e-6
43.41270635317659,1.8733052968019565e-6
43.463731865932964,1.849587418202234e-6
43.514757378689346,1.829502347164566e-6
43.56578289144572,1.8006458274997027e-6
43.616808404202104,1.7879555587270533e-6
43.66783391695848,1.7582929651136949e-6
43.71885942971486,1.7335661056793467e-6
43.769884942471236,1.7176220602821743e-6
43.82091045522761,1.6913220489000682e-6
43.871935967983994,1.6741157776892205e-6
43.92296148074037,1.6551856371057882e-6
43.97398699349675,1.629717137601276e-6
44.02501250625313,1.6116666869194882e-6
44.0760380190095,1.5916586535925177e-6
44.127063531765884,1.5747653455358656e-6
44.17808904452226,1.5590491618764254e-6
44.22911455727864,1.5289854661801032e-6
44.28014007003502,1.506560202768829e-6
44.3311655827914,1.4881903310012695e-6
44.382191095547775,1.4709522721107803e-6
44.43321660830415,1.448611291753388e-6
44.48424212106053,1.4366207952569107e-6
44.53526763381691,1.4121204084031419e-6
44.58629314657329,1.4005020817147768e-6
44.637318659329665,1.3766740129564324e-6
44.68834417208604,1.3595104051735014e-6
44.73936968484242,1.3466219864457973e-6
44.7903951975988,1.3284468960598163e-6
44.84142071035518,1.3114167636032905e-6
44.892446223111556,1.2946933234259543e-6
44.94347173586794,1.2787981335066556e-6
44.99449724862431,1.260279289814558e-6
45.04552276138069,1.250748962517224e-6
45.09654827413707,1.2288840286507156e-6
45.147573786893446,1.219067709505264e-6
45.19859929964983,1.1973867763983268e-6
45.2496248124062,1.1869388516389549e-6
45.30065032516258,1.1723721406756965e-6
45.35167583791896,1.154419532261567e-6
45.402701350675336,1.144465100033778e-6
45.45372686343172,1.1246666510753718e-6
45.504752376188094,1.1173983839421857e-6
45.555777888944476,1.1111446968132717e-6
45.60680340170085,1.0798408356156399e-6
45.65782891445723,1.0697112147086082e-6
45.70885442721361,1.0549853480833676e-6
45.759879939969984,1.0396842103977388e-6
45.81090545272637,1.0302732886941371e-6
45.86193096548274,1.015403518589453e-6
45.91295647823912,1.001277993811728e-6
45.9639819909955,9.8995136341964e-7
46.015007503751875,9.792315012904314e-7
46.06603301650826,9.652940940637126e-7
46.11705852926463,9.534297883394729e-7
46.16808404202101,9.417946732280161e-7
46.21910955477739,9.270235751611059e-7
46.270135067533765,9.19498974427526e-7
46.32116058029015,9.047760395517556e-7
46.37218609304652,8.969966805500983e-7
46.423211605802905,8.840722672745398e-7
46.47423711855928,8.724198042196051e-7
46.525262631315655,8.627424775875718e-7
46.57628814407204,8.499588192087911e-7
46.62731365682841,8.432615292690848e-7
46.678339169584795,8.271349272988828e-7
46.72936468234117,8.211025451978314e-7
46.780390195097546,8.084318239276048e-7
46.83141570785393,7.992662592010512e-7
46.8824412206103,7.925919725123108e-7
46.933466733366686,7.826228088669828e-7
46.98449224612306,7.717032805396052e-7
47.03551775887944,7.559673149365765e-7
47.08654327163582,7.467729049724682e-7
47.137568784392194,7.406835111893324e-7
47.188594297148576,7.27034354849106e-7
47.23961980990495,7.198746995160477e-7
47.290645322661334,7.112488391286505e-7
47.34167083541771,7.008522477847064e-7
47.392696348174084,6.94432039928124e-7
47.44372186093047,6.843978098331021e-7
47.49474737368684,6.746978384275482e-7
47.545772886443224,6.69707552045403e-7
47.5967983991996,6.57271978543086e-7
47.64782391195598,6.508608682123182e-7
47.69884942471236,6.428523832064782e-7
47.74987493746873,6.335704745231603e-7
47.800900450225114,6.277955758003666e-7
47.85192596298149,6.179197955222585e-7
47.90295147573787,6.120479352833345e-7
47.95397698849425,6.016007621750619e-7
48.00500250125062,5.9653867606348e-7
48.056028014007005,5.886620577728263e-7
48.10705352676338,5.822874832251949e-7
48.15807903951976,5.719332537431701e-7
48.20910455227614,5.685034368103504e-7
48.26013006503252,5.59924841325755e-7
48.311155577788895,5.551580596843216e-7
48.36218109054527,5.467085586982565e-7
48.41320660330165,5.377573568241076e-7
48.46423211605803,5.293587343309269e-7
48.51525762881441,5.235594784105202e-7
48.566283141570786,5.154253111386529e-7
48.61730865432716,5.113581236126612e-7
48.66833416708354,5.041348849823728e-7
48.71935967983992,4.961043656231533e-7
48.7703851925963,4.931921793773012e-7
48.821410705352676,4.839586016499851e-7
48.87243621810906,4.78415328961257e-7
48.923461730865434,4.739939948223507e-7
48.97448724362181,4.673222136048477e-7
49.02551275637819,4.606017684114135e-7
49.076538269134566,4.551525891808521e-7
49.12756378189095,4.5065237327775333e-7
49.178589294647324,4.4379648763838587e-7
49.2296148074037,4.3866664635824386e-7
49.28064032016008,4.333001499176125e-7
49.33166583291646,4.277912323285766e-7
49.38269134567284,4.22310095094318e-7
49.433716858429214,4.1646797916288306e-7
49.4847423711856,4.126398709708048e-7
49.53576788394197,4.064908888112904e-7
49.58679339669835,4.0135034535703515e-7
49.63781890945473,3.9787697114366154e-7
49.688844422211105,3.9244297556178166e-7
49.73986993496749,3.8851278839989847e-7
49.79089544772386,3.813609505818159e-7
49.84192096048024,3.746620625251441e-7
49.89294647323662,3.711669692119785e-7
49.943971985992995,3.672067267563597e-7
49.99499749874938,3.608522698213921e-7
50.04602301150575,3.4578988924861936e-7
50.097048524262135,2.5369297364797055e-7
50.14807403701851,1.473175708546823e-7
50.199099549774886,6.074733026722115e-8
50.25012506253127,0.0
50.30115057528764,0.0
50.352176088044025,0.0
50.4032016008004,0.0
50.454227113556776,0.0
50.50525262631316,0.0
50.55627813906953,0.0
50.607303651825916,0.0
50.65832916458229,0.0
50.70935467733867,0.0
50.76038019009505,0.0
50.811405702851424,0.0
50.862431215607806,0.0
50.91345672836418,0.0
50.964482241120564,0.0
51.01550775387694,0.0
51.066533266633314,0.0
51.1175587793897,0.0
51.16858429214607,0.0
51.219609804902454,0.0
51.27063531765883,0.0
51.32166083041521,0.0
51.37268634317159,0.0
51.42371185592796,0.0
51.474737368684345,0.0
51.52576288144072,0.0
51.5767883941971,0.0
51.62781390695348,0.0
51.67883941970985,0.0
51.729864932466235,0.0
51.78089044522261,0.0
51.83191595797899,0.0
51.88294147073537,0.0
51.93396698349175,0.0
51.984992496248125,0.0
52.0360180090045,0.0
52.08704352176088,0.0
52.13806903451726,0.0
52.18909454727364,0.0
52.240120060030016,0.0
52.29114557278639,0.0
52.34217108554277,0.0
52.39319659829915,0.0
52.44422211105553,0.0
52.495247623811906,0.0
52.54627313656828,0.0
52.597298649324664,0.0
52.64832416208104,0.0
52.69934967483742,0.0
52.7503751875938,0.0
52.80140070035018,0.0
52.852426213106554,0.0
52.90345172586293,0.0
52.95447723861931,0.0
53.00550275137569,0.0
53.05652826413207,0.0
53.107553776888444,0.0
53.15857928964482,0.0
53.2096048024012,0.0
53.26063031515758,0.0
53.31165582791396,0.0
53.362681340670335,0.0
53.41370685342672,0.0
53.46473236618309,0.0
53.51575787893947,0.0
53.56678339169585,0.0
53.617808904452225,0.0
53.66883441720861,0.0
53.71985992996498,0.0
53.77088544272136,0.0
53.82191095547774,0.0
53.872936468234116,0.0
53.9239619809905,0.0
53.97498749374687,0.0
54.026013006503256,0.0
54.07703851925963,0.0
54.128064032016006,0.0
54.17908954477239,0.0
54.230115057528764,0.0
54.281140570285146,0.0
54.33216608304152,0.0
54.383191595797896,0.0
54.43421710855428,0.0
54.485242621310654,0.0
54.536268134067036,0.0
54.58729364682341,0.0
54.638319159579794,0.0
54.68934467233617,0.0
54.740370185092544,0.0
54.79139569784893,0.0
54.8424212106053,0.0
54.893446723361684,0.0
54.94447223611806,0.0
54.995497748874435,0.0
55.04652326163082,0.0
55.09754877438719,0.0
55.148574287143575,0.0
55.19959979989995,0.0
55.25062531265633,0.0
55.30165082541271,0.0
55.35267633816908,0.0
55.403701850925465,0.0
55.45472736368184,0.0
55.50575287643822,0.0
55.5567783891946,0.0
55.60780390195097,0.0
55.658829414707355,0.0
55.70985492746373,0.0
55.76088044022011,0.0
55.81190595297649,0.0
55.86293146573287,0.0
55.913956978489246,0.0
55.96498249124562,0.0
56.016008004002,0.0
56.06703351675838,0.0
56.11805902951476,0.0
56.169084542271136,0.0
56.22011005502751,0.0
56.271135567783894,0.0
56.32216108054027,0.0
56.37318659329665,0.0
56.42421210605303,0.0
56.47523761880941,0.0
56.526263131565784,0.0
56.57728864432216,0.0
56.62831415707854,0.0
56.67933966983492,0.0
56.7303651825913,0.0
56.781390695347675,0.0
56.83241620810405,0.0
56.88344172086043,0.0
56.93446723361681,0.0
56.98549274637319,0.0
57.036518259129565,0.0
57.08754377188595,0.0
57.13856928464232,0.0
57.1895947973987,0.0
57.24062031015508,0.0
57.291645822911455,0.0
57.34267133566784,0.0
57.39369684842421,0.0
57.44472236118059,0.0
57.49574787393697,0.0
57.546773386693346,0.0
57.59779889944973,0.0
57.6488244122061,0.0
57.699849924962486,0.0
57.75087543771886,0.0
57.801900950475236,0.0
57.85292646323162,0.0
57.903951975987994,0.0
57.954977488744376,0.0
58.00600300150075,0.0
58.05702851425713,0.0
58.10805402701351,0.0
58.159079539769884,0.0
58.210105052526266,0.0
58.26113056528264,0.0
58.312156078039024,0.0
58.3631815907954,0.0
58.414207103551774,0.0
58.46523261630816,0.0
58.51625812906453,0.0
58.567283641820914,0.0
58.61830915457729,0.0
58.669334667333665,0.0
58.72036018009005,0.0
58.77138569284642,0.0
58.822411205602805,0.0
58.87343671835918,0.0
58.924462231115555,0.0
58.97548774387194,0.0
59.02651325662831,0.0
59.077538769384695,0.0
59.12856428214107,0.0
59.17958979489745,0.0
59.23061530765383,0.0
59.2816408204102,0.0
59.332666333166586,0.0
59.38369184592296,0.0
59.43471735867934,0.0
59.48574287143572,0.0
59.536768384192094,0.0
59.587793896948476,0.0
59.63881940970485,0.0
59.68984492246123,0.0
59.74087043521761,0.0
59.79189594797399,0.0
59.842921460730366,0.0
59.89394697348674,0.0
59.944972486243124,0.0
59.9959979989995,0.0
60.04702351175588,0.0
60.09804902451226,0.0
60.14907453726863,0.0
60.200100050025014,0.0
60.25112556278139,0.0
60.30215107553777,0.0
60.35317658829415,0.0
60.40420210105053,0.0
60.455227613806905,0.0
60.50625312656328,0.0
60.55727863931966,0.0
60.60830415207604,0.0
60.65932966483242,0.0
60.710355177588795,0.0
60.76138069034517,0.0
60.81240620310155,0.0
60.86343171585793,0.0
60.91445722861431,0.0
60.965482741370685,0.0
61.01650825412707,0.0
61.06753376688344,0.0
61.11855927963982,0.0
61.1695847923962,0.0
61.220610305152576,0.0
61.27163581790896,0.0
61.32266133066533,0.0
61.37368684342171,0.0
61.42471235617809,0.0
61.475737868934466,0.0
61.52676338169085,0.0
61.577788894447224,0.0
61.628814407203606,0.0
61.67983991995998,0.0
61.73086543271636,0.0
61.78189094547274,0.0
61.832916458229114,0.0
61.8839419709855,0.0
61.93496748374187,0.0
61.98599299649825,0.0
62.03701850925463,0.0
62.088044022011005,0.0
62.13906953476739,0.0
62.19009504752376,0.0
62.241120560280145,0.0
62.29214607303652,0.0
62.343171585792895,0.0
62.39419709854928,0.0
62.44522261130565,0.0
62.496248124062035,0.0
62.54727363681841,0.0
62.598299149574785,0.0
62.64932466233117,0.0
62.70035017508754,0.0
62.751375687843925,0.0
62.8024012006003,0.0
62.85342671335668,0.0
62.90445222611306,0.0
62.95547773886943,0.0
63.006503251625816,0.0
63.05752876438219,0.0
63.10855427713857,0.0
63.15957978989495,0.0
63.210605302651324,0.0
63.261630815407706,0.0
63.31265632816408,0.0
63.363681840920464,0.0
63.41470735367684,0.0
63.46573286643322,0.0
63.516758379189596,0.0
63.56778389194597,0.0
63.618809404702354,0.0
63.66983491745873,0.0
63.72086043021511,0.0
63.77188594297149,0.0
63.82291145572786,0.0
63.873936968484244,0.0
63.92496248124062,0.0
63.975987993997,0.0
64.02701350675338,0.0
64.07803901950975,0.0
64.12906453226613,0.0
64.18009004502251,0.0
64.23111555777888,0.0
64.28214107053526,0.0
64.33316658329164,0.0
64.38419209604803,0.0
64.4352176088044,0.0
64.48624312156078,0.0
64.53726863431716,0.0
64.58829414707353,0.0
64.63931965982991,0.0
64.69034517258629,0.0
64.74137068534266,0.0
64.79239619809904,0.0
64.84342171085542,0.0
64.8944472236118,0.0
64.94547273636817,0.0
64.99649824912456,0.0
65.04752376188094,0.0
65.0985492746373,0.0
65.14957478739369,0.0
65.20060030015007,0.0
65.25162581290645,0.0
65.30265132566282,0.0
65.3536768384192,0.0
65.40470235117559,0.0
65.45572786393195,0.0
65.50675337668834,0.0
65.55777888944472,0.0
65.60880440220109,0.0
65.65982991495747,0.0
65.71085542771385,0.0
65.76188094047023,0.0
65.8129064532266,0.0
65.86393196598299,0.0
65.91495747873937,0.0
65.96598299149574,0.0
66.01700850425212,0.0
66.0680340170085,0.0
66.11905952976488,0.0
66.17008504252125,0.0
66.22111055527763,0.0
66.27213606803402,0.0
66.32316158079038,0.0
66.37418709354677,0.0
66.42521260630315,0.0
66.47623811905953,0.0
66.5272636318159,0.0
66.57828914457228,0.0
66.62931465732866,0.0
66.68034017008503,0.0
66.73136568284141,0.0
66.7823911955978,0.0
66.83341670835416,0.0
66.88444222111055,0.0
66.93546773386693,0.0
66.98649324662331,0.0
67.03751875937968,0.0
67.08854427213606,0.0
67.13956978489244,0.0
67.19059529764881,0.0
67.2416208104052,0.0
67.29264632316158,0.0
67.34367183591796,0.0
67.39469734867433,0.0
67.44572286143071,0.0
67.49674837418709,0.0
67.54777388694346,0.0
67.59879939969984,0.0
67.64982491245622,0.0
67.70085042521261,0.0
67.75187593796898,0.0
67.80290145072536,0.0
67.85392696348174,0.0
67.90495247623811,0.0
67.95597798899449,0.0
68.00700350175087,0.0
68.05802901450724,0.0
68.10905452726362,0.0
68.16008004002,0.0
68.21110555277639,0.0
68.26213106553276,0.0
68.31315657828914,0.0
68.36418209104552,0.0
68.41520760380189,0.0
68.46623311655827,0.0
68.51725862931465,0.0
68.56828414207104,0.0
68.6193096548274,0.0
68.67033516758379,0.0
68.72136068034017,0.0
68.77238619309654,0.0
68.82341170585292,0.0
68.8744372186093,0.0
68.92546273136568,0.0
68.97648824412205,0.0
69.02751375687843,0.0
69.07853926963482,0.0
69.12956478239118,0.0
69.18059029514757,0.0
69.23161580790395,0.0
69.28264132066032,0.0
69.3336668334167,0.0
69.38469234617308,0.0
69.43571785892946,0.0
69.48674337168583,0.0
69.53776888444222,0.0
69.5887943971986,0.0
69.63981990995497,0.0
69.69084542271135,0.0
69.74187093546773,0.0
69.79289644822411,0.0
69.84392196098048,0.0
69.89494747373686,0.0
69.94597298649325,0.0
69.99699849924961,0.0
70.048024012006,0.0
70.09904952476238,0.0
70.15007503751876,0.0
70.20110055027513,0.0
70.25212606303151,0.0
70.3031515757879,0.0
70.35417708854426,0.0
70.40520260130064,0.0
70.45622811405703,0.0
70.5072536268134,0.0
70.55827913956978,0.0
70.60930465232616,0.0
70.66033016508254,0.0
70.71135567783891,0.0
70.76238119059529,0.0
70.81340670335167,0.0
70.86443221610804,0.0
70.91545772886442,0.0
70.96648324162081,0.0
71.01750875437719,0.0
71.06853426713356,0.0
71.11955977988994,0.0
71.17058529264632,0.0
71.22161080540269,0.0
71.27263631815907,0.0
71.32366183091546,0.0
71.37468734367184,0.0
71.4257128564282,0.0
71.47673836918459,0.0
71.52776388194097,0.0
71.57878939469734,0.0
71.62981490745372,0.0
71.6808404202101,0.0
71.73186593296647,0.0
71.78289144572285,0.0
71.83391695847924,0.0
71.88494247123562,0.0
71.93596798399199,0.0
71.98699349674837,0.0
72.03801900950475,0.0
72.08904452226112,0.0
72.1400700350175,0.0
72.19109554777388,0.0
72.24212106053027,0.0
72.29314657328663,0.0
72.34417208604302,0.0
72.3951975987994,0.0
72.44622311155577,0.0
72.49724862431215,0.0
72.54827413706853,0.0
72.5992996498249,0.0
72.65032516258128,0.0
72.70135067533766,0.0
72.75237618809405,0.0
72.80340170085042,0.0
72.8544272136068,0.0
72.90545272636318,0.0
72.95647823911955,0.0
73.00750375187593,0.0
73.05852926463231,0.0
73.1095547773887,0.0
73.16058029014506,0.0
73.21160580290145,0.0
73.26263131565783,0.0
73.3136568284142,0.0
73.36468234117058,0.0
73.41570785392696,0.0
73.46673336668334,0.0
73.51775887943971,0.0
73.5687843921961,0.0
73.61980990495248,0.0
73.67083541770884,0.0
73.72186093046523,0.0
73.77288644322161,0.0
73.82391195597798,0.0
73.87493746873436,0.0
73.92596298149074,0.0
73.97698849424712,0.0
74.02801400700349,0.0
74.07903951975987,0.0
74.13006503251626,0.0
74.18109054527262,0.0
74.232116058029,0.0
74.28314157078539,0.0
74.33416708354177,0.0
74.38519259629814,0.0
74.43621810905452,0.0
74.4872436218109,0.0
74.53826913456727,0.0
74.58929464732365,0.0
74.64032016008004,0.0
74.69134567283642,0.0
74.74237118559279,0.0
74.79339669834917,0.0
74.84442221110555,0.0
74.89544772386192,0.0
74.9464732366183,0.0
74.99749874937469,0.0
75.04852426213105,0.0
75.09954977488744,0.0
75.15057528764382,0.0
75.2016008004002,0.0
75.25262631315657,0.0
75.30365182591295,0.0
75.35467733866933,0.0
75.4057028514257,0.0
75.45672836418208,0.0
75.50775387693847,0.0
75.55877938969485,0.0
75.60980490245122,0.0
75.6608304152076,0.0
75.71185592796398,0.0
75.76288144072035,0.0
75.81390695347673,0.0
75.86493246623311,0.0
75.9159579789895,0.0
75.96698349174586,0.0
76.01800900450225,0.0
76.06903451725863,0.0
76.120060030015,0.0
76.17108554277138,0.0
76.22211105552776,0.0
76.27313656828413,0.0
76.32416208104051,0.0
76.3751875937969,0.0
76.42621310655328,0.0
76.47723861930965,0.0
76.52826413206603,0.0
76.57928964482241,0.0
76.63031515757878,0.0
76.68134067033516,0.0
76.73236618309154,0.0
76.78339169584793,0.0
76.8344172086043,0.0
76.88544272136068,0.0
76.93646823411706,0.0
76.98749374687343,0.0
77.03851925962981,0.0
77.08954477238619,0.0
77.14057028514257,0.0
77.19159579789894,0.0
77.24262131065532,0.0
77.2936468234117,0.0
77.34467233616807,0.0
77.39569784892446,0.0
77.44672336168084,0.0
77.4977488744372,0.0
77.54877438719359,0.0
77.59979989994997,0.0
77.65082541270635,0.0
77.70185092546272,0.0
77.7528764382191,0.0
77.80390195097549,0.0
77.85492746373185,0.0
77.90595297648824,0.0
77.95697848924462,0.0
78.008004002001,0.0
78.05902951475737,0.0
78.11005502751375,0.0
78.16108054027013,0.0
78.2121060530265,0.0
78.26313156578288,0.0
78.31415707853927,0.0
78.36518259129565,0.0
78.41620810405202,0.0
78.4672336168084,0.0
78.51825912956478,0.0
78.56928464232115,0.0
78.62031015507753,0.0
78.67133566783392,0.0
78.72236118059028,0.0
78.77338669334667,0.0
78.82441220610305,0.0
78.87543771885943,0.0
78.9264632316158,0.0
78.97748874437218,0.0
79.02851425712856,0.0
79.07953976988493,0.0
79.13056528264131,0.0
79.1815907953977,0.0
79.23261630815408,0.0
79.28364182091045,0.0
79.33466733366683,0.0
79.38569284642321,0.0
79.43671835917958,0.0
79.48774387193596,0.0
79.53876938469234,0.0
79.58979489744871,0.0
79.6408204102051,0.0
79.69184592296148,0.0
79.74287143571786,0.0
79.79389694847423,0.0
79.84492246123061,0.0
79.89594797398699,0.0
79.94697348674336,0.0
79.99799899949974,0.0
80.04902451225612,0.0
80.10005002501251,0.0
80.15107553776888,0.0
80.20210105052526,0.0
80.25312656328164,0.0
80.30415207603801,0.0
80.35517758879439,0.0
80.40620310155077,0.0
80.45722861430716,0.0
80.50825412706352,0.0
80.5592796398199,0.0
80.61030515257629,0.0
80.66133066533266,0.0
80.71235617808904,0.0
80.76338169084542,0.0
80.81440720360179,0.0
80.86543271635817,0.0
80.91645822911455,0.0
80.96748374187094,0.0
81.0185092546273,0.0
81.06953476738369,0.0
81.12056028014007,0.0
81.17158579289644,0.0
81.22261130565282,0.0
81.2736368184092,0.0
81.32466233116558,0.0
81.37568784392195,0.0
81.42671335667833,0.0
81.47773886943472,0.0
81.52876438219108,0.0
81.57978989494747,0.0
81.63081540770385,0.0
81.68184092046023,0.0
81.7328664332166,0.0
81.78389194597298,0.0
81.83491745872936,0.0
81.88594297148573,0.0
81.93696848424212,0.0
81.9879939969985,0.0
82.03901950975487,0.0
82.09004502251125,0.0
82.14107053526763,0.0
82.19209604802401,0.0
82.24312156078038,0.0
82.29414707353676,0.0
82.34517258629315,0.0
82.39619809904951,0.0
82.4472236118059,0.0
82.49824912456228,0.0
82.54927463731866,0.0
82.60030015007503,0.0
82.65132566283141,0.0
82.7023511755878,0.0
82.75337668834416,0.0
82.80440220110054,0.0
82.85542771385693,0.0
82.90645322661331,0.0
82.95747873936968,0.0
83.00850425212606,0.0
83.05952976488244,0.0
83.11055527763881,0.0
83.16158079039519,0.0
83.21260630315157,0.0
83.26363181590794,0.0
83.31465732866432,0.0
83.3656828414207,0.0
83.41670835417709,0.0
83.46773386693346,0.0
83.51875937968984,0.0
83.56978489244622,0.0
83.62081040520259,0.0
83.67183591795897,0.0
83.72286143071535,0.0
83.77388694347174,0.0
83.8249124562281,0.0
83.87593796898449,0.0
83.92696348174087,0.0
83.97798899449724,0.0
84.02901450725362,0.0
84.08004002001,0.0
84.13106553276639,0.0
84.18209104552275,0.0
84.23311655827914,0.0
84.28414207103552,0.0
84.33516758379189,0.0
84.38619309654827,0.0
84.43721860930465,0.0
84.48824412206102,0.0
84.5392696348174,0.0
84.59029514757378,0.0
84.64132066033017,0.0
84.69234617308653,0.0
84.74337168584292,0.0
84.7943971985993,0.0
84.84542271135567,0.0
84.89644822411205,0.0
84.94747373686843,0.0
84.99849924962481,0.0
85.04952476238118,0.0
85.10055027513756,0.0
85.15157578789395,0.0
85.20260130065031,0.0
85.2536268134067,0.0
85.30465232616308,0.0
85.35567783891945,0.0
85.40670335167583,0.0
85.45772886443221,0.0
85.5087543771886,0.0
85.55977988994496,0.0
85.61080540270135,0.0
85.66183091545773,0.0
85.7128564282141,0.0
85.76388194097048,0.0
85.81490745372686,0.0
85.86593296648324,0.0
85.91695847923961,0.0
85.967983991996,0.0
86.01900950475238,0.0
86.07003501750874,0.0
86.12106053026513,0.0
86.17208604302151,0.0
86.22311155577789,0.0
86.27413706853426,0.0
86.32516258129064,0.0
86.37618809404702,0.0
86.42721360680339,0.0
86.47823911955977,0.0
86.52926463231616,0.0
86.58029014507252,0.0
86.6313156578289,0.0
86.68234117058529,0.0
86.73336668334167,0.0
86.78439219609804,0.0
86.83541770885442,0.0
86.8864432216108,0.0
86.93746873436717,0.0
86.98849424712355,0.0
87.03951975987994,0.0
87.09054527263632,0.0
87.14157078539269,0.0
87.19259629814907,0.0
87.24362181090545,0.0
87.29464732366182,0.0
87.3456728364182,0.0
87.39669834917459,0.0
87.44772386193097,0.0
87.49874937468734,0.0
87.54977488744372,0.0
87.6008004002001,0.0
87.65182591295647,0.0
87.70285142571285,0.0
87.75387693846923,0.0
87.8049024512256,0.0
87.85592796398198,0.0
87.90695347673837,0.0
87.95797898949475,0.0
88.00900450225112,0.0
88.0600300150075,0.0
88.11105552776388,0.0
88.16208104052025,0.0
88.21310655327663,0.0
88.26413206603301,0.0
88.3151575787894,0.0
88.36618309154576,0.0
88.41720860430215,0.0
88.46823411705853,0.0
88.5192596298149,0.0
88.57028514257128,0.0
88.62131065532766,0.0
88.67233616808404,0.0
88.72336168084041,0.0
88.7743871935968,0.0
88.82541270635318,0.0
88.87643821910955,0.0
88.92746373186593,0.0
88.97848924462231,0.0
89.02951475737868,0.0
89.08054027013506,0.0
89.13156578289144,0.0
89.18259129564782,0.0
89.2336168084042,0.0
89.28464232116058,0.0
89.33566783391696,0.0
89.38669334667333,0.0
89.43771885942971,0.0
89.48874437218609,0.0
89.53976988494247,0.0
89.59079539769884,0.0
89.64182091045522,0.0
89.6928464232116,0.0
89.74387193596797,0.0
89.79489744872436,0.0
89.84592296148074,0.0
89.89694847423712,0.0
89.94797398699349,0.0
89.99899949974987,0.0
90.05002501250625,0.0
90.10105052526262,0.0
90.152076038019,0.0
90.20310155077539,0.0
90.25412706353175,0.0
90.30515257628814,0.0
90.35617808904452,0.0
90.4072036018009,0.0
90.45822911455727,0.0
90.50925462731365,0.0
90.56028014007003,0.0
90.6113056528264,0.0
90.66233116558278,0.0
90.71335667833917,0.0
90.76438219109555,0.0
90.81540770385192,0.0
90.8664332166083,0.0
90.91745872936468,0.0
90.96848424212105,0.0
91.01950975487743,0.0
91.07053526763382,0.0
91.1215607803902,0.0
91.17258629314657,0.0
91.22361180590295,0.0
91.27463731865933,0.0
91.3256628314157,0.0
91.37668834417208,0.0
91.42771385692846,0.0
91.47873936968483,0.0
91.52976488244121,0.0
91.5807903951976,0.0
91.63181590795398,0.0
91.68284142071035,0.0
91.73386693346673,0.0
91.78489244622311,0.0
91.83591795897948,0.0
91.88694347173586,0.0
91.93796898449224,0.0
91.98899449724863,0.0
92.040020010005,0.0
92.09104552276138,0.0
92.14207103551776,0.0
92.19309654827413,0.0
92.24412206103051,0.0
92.29514757378689,0.0
92.34617308654326,0.0
92.39719859929964,0.0
92.44822411205602,0.0
92.4992496248124,0.0
92.55027513756878,0.0
92.60130065032516,0.0
92.65232616308154,0.0
92.70335167583791,0.0
92.75437718859429,0.0
92.80540270135067,0.0
92.85642821410705,0.0
92.90745372686342,0.0
92.9584792396198,0.0
93.00950475237619,0.0
93.06053026513256,0.0
93.11155577788894,0.0
93.16258129064532,0.0
93.2136068034017,0.0
93.26463231615807,0.0
93.31565782891445,0.0
93.36668334167084,0.0
93.4177088544272,0.0
93.46873436718359,0.0
93.51975987993997,0.0
93.57078539269634,0.0
93.62181090545272,0.0
93.6728364182091,0.0
93.72386193096548,0.0
93.77488744372185,0.0
93.82591295647823,0.0
93.87693846923462,0.0
93.92796398199098,0.0
93.97898949474737,0.0
94.03001500750375,0.0
94.08104052026013,0.0
94.1320660330165,0.0
94.18309154577288,0.0
94.23411705852926,0.0
94.28514257128563,0.0
94.33616808404201,0.0
94.3871935967984,0.0
94.43821910955478,0.0
94.48924462231115,0.0
94.54027013506753,0.0
94.59129564782391,0.0
94.64232116058028,0.0
94.69334667333666,0.0
94.74437218609305,0.0
94.79539769884941,0.0
94.8464232116058,0.0
94.89744872436218,0.0
94.94847423711856,0.0
94.99949974987493,0.0
95.05052526263131,0.0
95.1015507753877,0.0
95.15257628814406,0.0
95.20360180090044,0.0
95.25462731365683,0.0
95.30565282641321,0.0
95.35667833916958,0.0
95.40770385192596,0.0
95.45872936468234,0.0
95.50975487743871,0.0
95.56078039019509,0.0
95.61180590295147,0.0
95.66283141570786,0.0
95.71385692846422,0.0
95.7648824412206,0.0
95.81590795397699,0.0
95.86693346673336,0.0
95.91795897948974,0.0
95.96898449224612,0.0
96.02001000500249,0.0
96.07103551775887,0.0
96.12206103051525,0.0
96.17308654327164,0.0
96.224112056028,0.0
96.27513756878439,0.0
96.32616308154077,0.0
96.37718859429714,0.0
96.42821410705352,0.0
96.4792396198099,0.0
96.53026513256629,0.0
96.58129064532265,0.0
96.63231615807904,0.0
96.68334167083542,0.0
96.73436718359179,0.0
96.78539269634817,0.0
96.83641820910455,0.0
96.88744372186093,0.0
96.9384692346173,0.0
96.98949474737368,0.0
97.04052026013007,0.0
97.09154577288643,0.0
97.14257128564282,0.0
97.1935967983992,0.0
97.24462231115557,0.0
97.29564782391195,0.0
97.34667333666833,0.0
97.39769884942471,0.0
97.44872436218108,0.0
97.49974987493746,0.0
97.55077538769385,0.0
97.60180090045021,0.0
97.6528264132066,0.0
97.70385192596298,0.0
97.75487743871936,0.0
97.80590295147573,0.0
97.85692846423211,0.0
97.9079539769885,0.0
97.95897948974486,0.0
98.01000500250125,0.0
98.06103051525763,0.0
98.112056028014,0.0
98.16308154077038,0.0
98.21410705352676,0.0
98.26513256628314,0.0
98.31615807903951,0.0
98.3671835917959,0.0
98.41820910455228,0.0
98.46923461730864,0.0
98.52026013006503,0.0
98.57128564282141,0.0
98.62231115557779,0.0
98.67333666833416,0.0
98.72436218109054,0.0
98.77538769384692,0.0
98.82641320660329,0.0
98.87743871935967,0.0
98.92846423211606,0.0
98.97948974487244,0.0
99.0305152576288,0.0
99.08154077038519,0.0
99.13256628314157,0.0
99.18359179589794,0.0
99.23461730865432,0.0
99.2856428214107,0.0
99.33666833416707,0.0
99.38769384692345,0.0
99.43871935967984,0.0
99.48974487243622,0.0
99.54077038519259,0.0
99.59179589794897,0.0
99.64282141070535,0.0
99.69384692346172,0.0
99.7448724362181,0.0
99.79589794897448,0.0
99.84692346173087,0.0
99.89794897448724,0.0
99.94897448724362,0.0
100.0,0.0
