0.02,1.3304791670578775,1.337041994809638,0.3180133777031889,0.35713385901110106,0.5983232449878281,0.6643457807410805,-1.0315438278180746,-1.0307260190581198,-1.0310355917539733,-1.0340223148569492,-1.0299595374433075,-1.0319203156382868,0.0
0.024824120603015077,1.329715474966558,1.3369151565101758,0.3117834979829204,0.3570108196164138,0.5875574020017691,0.6641169010068773,-1.0315267294665544,-1.0307253500322293,-1.031020692073563,-1.0340216653146856,-1.0299564622308415,-1.0319090938075517,0.0
0.02964824120603015,1.3290153513379577,1.3367883714489275,0.30621735801020744,0.3568878085314403,0.5778401586501879,0.66388807393483,-1.0315106540889238,-1.0307246814205588,-1.0310065909162107,-1.0340210161754475,-1.0299535078003113,-1.0318978719779965,0.0
0.03447236180904523,1.3283709097065302,1.336661639605161,0.3012244624685281,0.3567648257588609,0.5690333752960548,0.6636592995299241,-1.0314954867813562,-1.0307240132228919,-1.0309932026810078,-1.0340203674390231,-1.0299506639502272,-1.0318866501496615,1.6553393810591926e-239
0.0392964824120603,1.3277756603122968,1.3365349609581207,0.29673015499979016,0.35664187130120445,0.5610234547681984,0.6634305777968642,-1.0314811370763854,-1.0307233454390126,-1.0309804601290145,-1.0340197191052003,-1.029947922831565,-1.031875428322588,9.410767706373554e-6
0.04412060301507538,1.3272242311418598,1.3364083354870828,0.2926792591488545,0.3565189451611374,0.5537233099079913,0.6632019087406105,-1.0314675140987897,-1.0307226780687044,-1.030968293389419,-1.0340190711737673,-1.0299452746945583,-1.031864206496816,0.00038222129142093396
0.04894472361809045,1.3267098608667611,1.3362817631713002,0.2889869284604602,0.35639604734123626,0.5470044180885179,0.6629732923659557,-1.0314545389037633,-1.0307220111117512,-1.0309566441472031,-1.0340184236445118,-1.0299427128327474,-1.0318529846723858,0.002577625070205621
0.053768844221105526,1.326230237555674,1.3361552439900461,0.2856418739040733,0.3562731778440417,0.540846401102424,0.6627447286776261,-1.0314421523084434,-1.0307213445679373,-1.0309454650032426,-1.0340177765172225,-1.0299402294314222,-1.0318417628493377,0.0077043315308964015
0.0585929648241206,1.3257799477566863,1.3360287779225632,0.2825667126238232,0.3561503366721299,0.5351321260712772,0.6625162176804137,-1.0314302996291205,-1.0307206784370462,-1.0309347164377398,-1.034017129791687,-1.0299378206339884,-1.0318305410277124,0.015958172986348374
0.06341708542713567,1.3253585825822223,1.3359023649481327,0.2797806306297824,0.35602752382807257,0.5298875507337988,0.6622877593791028,-1.031418942528475,-1.0307200127188616,-1.0309243660323864,-1.0340164834676935,-1.0299354800477158,-1.0318193192075502,0.026970633022966886
0.06824120603015076,1.3249610527673206,1.335776005046024,0.2772065421442115,0.3559047393143999,0.5249951318974624,0.6620593537784,-1.0314080371354792,-1.0307193474131686,-1.0309143827414402,-1.0340158375450308,-1.029933205144908,-1.031808097388891,0.04017240836391493
0.07306532663316583,1.3245875876470905,1.3356496981954977,0.27487020317176253,0.3557819831336418,0.520491724885039,0.6618310008830111,-1.031397550782145,-1.0307186825197503,-1.0309047380871086,-1.0340151920234868,-1.0299309897561348,-1.031796875571775,0.05617589200498096
0.07788944723618091,1.324233600070168,1.3355234443758248,0.27269856204996534,0.3556592552883059,0.5162668502287725,0.6616027006976013,-1.0313874483599947,-1.030718018038391,-1.0308954077571348,-1.0340145469028497,-1.0299288322395035,-1.031785653756243,0.07489557041705344
0.08271356783919598,1.3238995564410265,1.3353972435662644,0.2707200961536961,0.3555365557808532,0.5123606679608186,0.6613744532267485,-1.0313777046102517,-1.0307173539688748,-1.0308863691011765,-1.0340139021829078,-1.0299267273649202,-1.0317744319423343,0.0967638934070933
0.08753768844221106,1.3235821110642536,1.3352710957460978,0.2688844447782493,0.3554138846138179,0.5086964155557692,0.6611462584751667,-1.0313682916838027,-1.0307166903109857,-1.0308776022379276,-1.03401325786345,-1.0299246733442164,-1.0317632101300898,0.11780910890650423
0.09236180904522613,1.3232811069384383,1.3351450008946035,0.2671995264005316,0.3552912417896686,0.5052849627115334,0.660918116447448,-1.031359189742845,-1.0307160270645084,-1.030869090198958,-1.0340126139442642,-1.0299226667283956,-1.0317519883195487,0.14264893943947657
0.0971859296482412,1.3229949695809706,1.335018958991047,0.2656469759489029,0.35516862731087595,0.5020977242176861,0.6606900271481887,-1.0313503788594656,-1.030715364229227,-1.030860817600358,-1.0340119704251394,-1.0299207053362154,-1.0317407665107519,0.17135595572714643
0.10201005025125628,1.3227223541593887,1.3348929700147087,0.26421158923065885,0.3550460411798857,0.49910976079024777,0.660461990581938,-1.0313418405020298,-1.0307147018049252,-1.0308527699365537,-1.0340113273058635,-1.0299187870226265,-1.031729544703739,0.19613308137573038
0.10683417085427135,1.3224629146870575,1.3347670339448596,0.26289773827967183,0.35492348339913415,0.49632746508350667,0.6602340067532281,-1.0313335583455572,-1.030714039791388,-1.0308449333319458,-1.0340106845862254,-1.0299169089618356,-1.0317183228985496,0.2246881040141412
0.11165829145728644,1.3222147275986158,1.3346411507607825,0.26167373939792776,0.35480095397108363,0.49370201794337104,0.6600060756666394,-1.0313255164700434,-1.0307133781883995,-1.0308372964004844,-1.034010042266014,-1.0299150701497926,-1.031707101095224,0.25807090016149825
0.11648241206030151,1.3219782170133345,1.334515320441757,0.2605583897222796,0.3546784528981105,0.4912608150033569,0.6597781973265927,-1.0313177022128743,-1.0307127169957442,-1.0308298473813973,-1.0340094003450173,-1.029913267638849,-1.0316958792938016,0.2832484471418255
0.12130653266331658,1.3217512979905652,1.3343895429670602,0.25951808966768486,0.3545559801826229,0.48895195345159453,0.6595503717375674,-1.0313101009580607,-1.0307120562132062,-1.0308225760835321,-1.0340087588230242,-1.029911500681225,-1.0316846574943228,0.3181819685379789
0.12613065326633166,1.3215343104257955,1.3342638183159734,0.25856558166947347,0.3544335358270085,0.48679427112488466,0.6593225989040051,-1.0313027027271835,-1.0307113958405705,-1.0308154733103805,-1.0340081176998235,-1.0299097670291937,-1.0316734356968271,0.3475842301790412
0.13095477386934673,1.321326269436433,1.3341381464677822,0.2576888520551203,0.35431111983365643,0.48476907007164083,0.6590948788303501,-1.0312954958744758,-1.0307107358776209,-1.0308085300118757,-1.0340074769752041,-1.0299080653362753,-1.031662213901354,0.3800612284050286
0.1357788944723618,1.3211263810921978,1.3340125274017722,0.2568771680252538,0.3541887322049694,0.4828590381849082,0.6588672115210722,-1.0312884705319476,-1.0307100763241424,-1.0308017385040331,-1.0340068366489545,-1.0299063944930493,-1.0316509921079435,0.4151216095808196
0.1406030150753769,1.3209347998544303,1.3338869610972224,0.2561398948050994,0.35406637294323134,0.48107807376076506,0.6586395969804196,-1.0312816183408793,-1.0307094171799198,-1.0307950911553645,-1.0340061967208636,-1.0299047526582095,-1.0316397703166351,0.4426241511827682
0.14542713567839197,1.3207501037317733,1.3337614475334343,0.2554533728022803,0.3539440420508728,0.479389431300041,0.658412035212914,-1.0312749299049269,-1.0307087584447374,-1.0307885814730118,-1.0340055571907205,-1.029903139397372,-1.0316285485274688,0.4813004764911828
0.15025125628140704,1.3205726982382495,1.3336359866896836,0.254830207390861,0.35382173953012513,0.4778119646615456,0.658184526222706,-1.031268398296504,-1.0307081001183798,-1.0307822027928224,-1.0340049180583142,-1.029901552931725,-1.0316173267404833,0.5072900173488597
0.1550753768844221,1.320401811823634,1.3335105785452745,0.25425988803266214,0.3536994653834291,0.47632922018058416,0.6579570700143359,-1.0312620155257477,-1.0307074422006322,-1.0307759489913222,-1.0340042793234332,-1.0298999924062189,-1.031606104955719,0.5460163740513202
0.15989949748743718,1.320236920164546,1.333385223079481,0.2537360780884314,0.3535772196129342,0.4749306640452223,0.6577296665918023,-1.0312557746027589,-1.0307067846912787,-1.0307698145070403,-1.0340036409858666,-1.0298984569371454,-1.0315948831732151,0.5723187896848989
0.16472361809045227,1.3200782022400857,1.3332599202716047,0.25326623012562255,0.3534550022210838,0.4736276378215413,0.6575023159596505,-1.0312496697619817,-1.0307061275901044,-1.0307637939708822,-1.0340030030454037,-1.0298969451757016,-1.0315836613930107,0.6091613325938069
0.16954773869346734,1.3199245967561102,1.333134670100942,0.2528321079925456,0.35333281321009424,0.4723918998582838,0.6572750181220033,-1.0312436940972858,-1.0307054708968941,-1.0307578826211152,-1.0340023655018336,-1.0298954567927343,-1.0315724396151456,0.6383160742803218
0.1743718592964824,1.3197763701235066,1.3330094725467898,0.25244290267657665,0.3532106525822257,0.4712367691400157,0.6570477730830651,-1.031237842751358,-1.0307048146114328,-1.0307520757321607,-1.0340017283549452,-1.0298939905196731,-1.0315612178396592,0.6700613545082893
0.17919597989949748,1.3196331743055942,1.3328843275884443,0.2520951925162326,0.3530885203398018,0.4701568856761451,0.6568205808471582,-1.0312321102036566,-1.0307041587335055,-1.030746368809506,-1.0340010916045275,-1.0298925455545522,-1.0315499960665906,0.7050499792209766
0.18402010050251255,1.3194943815997289,1.3327592352051987,0.25177845327121984,0.35296641648492594,0.4691358132299664,0.6565934414181956,-1.031226491242147,-1.0307035032628966,-1.0307407580323455,-1.0340004552503705,-1.0298911214805546,-1.0315387742959792,0.7296469384987082
0.18884422110552765,1.3193602530420685,1.3326341953763599,0.25150077075484734,0.35284434102000867,0.4681855644488744,0.6563663548006613,-1.031220981890273,-1.0307028481993916,-1.0307352394787828,-1.0339998192922624,-1.0298897172179757,-1.031527552527864,0.7701134201529317
0.19366834170854272,1.3192302451498314,1.3325092080812326,0.2512543467151758,0.3527222939472074,0.4672939303601626,0.6561393209985686,-1.0312155771926383,-1.0307021935427756,-1.0307298093986053,-1.0339991837299933,-1.0298883322616992,-1.0315163307622848,0.7914767413932093
0.1984924623115578,1.3191041132403378,1.3323842732991116,0.25103644152179,0.3526002752686644,0.4664562731100296,0.6559123400159026,-1.0312102731067838,-1.0307015392928331,-1.0307244644786069,-1.0339985485633523,-1.0298869660265255,-1.03150510899928,0.8245341210069924
0.20331658291457286,1.3189819983812952,1.3322593910093075,0.25085184874082284,0.3524782849866448,0.4656798262917967,0.6556854118568769,-1.0312050662623995,-1.0307008854493498,-1.0307192015065478,-1.0339979137921287,-1.0298856176832205,-1.0314938872388892,0.856522957976176
0.20814070351758793,1.3188633255978006,1.3321345611911228,0.25069132289189106,0.35235632310338233,0.46495019467908466,0.6554585365256468,-1.0311999524463065,-1.0307002320121104,-1.030714017443799,-1.033997279416112,-1.0298842869158933,-1.0314826654811518,0.8787990523740131
0.21296482412060302,1.3187480727133256,1.3320097838238774,0.2505567509703537,0.3522343896209694,0.4642697702495517,0.6552317140261045,-1.0311949284164255,-1.0306995789809004,-1.030708909372444,-1.0339966454350915,-1.0298829730611159,-1.0314714437261059,0.9141056272884279
0.2177889447236181,1.31863628959632,1.3318850588868683,0.2504506163367479,0.35211248454161154,0.4636422831032246,0.6550049443623527,-1.0311899911913374,-1.030698926355505,-1.0307038745466435,-1.0339960118488571,-1.0298816754582976,-1.031460221973791,0.9401511952178673
0.22261306532663316,1.3185274328493215,1.3317603863594099,0.25036383696935327,0.351990607867407,0.46305364944829447,0.6547782275382947,-1.0311851371089533,-1.0306982741357096,-1.0306989103830035,-1.033995378657198,-1.0298803938723196,-1.0314490002242465,0.9634183365559268
0.22743718592964823,1.3184215795955192,1.3316357662208151,0.25029977187910923,0.351868759600561,0.4625087074672518,0.6545515635580329,-1.031180363490138,-1.0306976223212991,-1.030694014344803,-1.033994745859904,-1.0298791276610106,-1.0314377784775106,0.996382646060232
0.2322613065326633,1.3183187446966236,1.3315111984503993,0.25026008413257367,0.3517469397431767,0.462009795069168,0.6543249524254793,-1.031175667844165,-1.0306969709120595,-1.0306891841543442,-1.0339941134567643,-1.0298778762923533,-1.0314265567336225,1.0223044355415007
0.2370854271356784,1.3182184482761086,1.3313866830274694,0.250237062681558,0.3516251482973392,0.46154486506180437,0.6540983941445128,-1.0311710469081872,-1.0306963199077752,-1.0306844174862346,-1.033993481447569,-1.0298766395342887,-1.0314153349926212,1.0435010560106643
0.24190954773869347,1.318120769844768,1.3312622199313595,0.2502333262944239,0.35150338526518976,0.46111787843915875,0.6538718887191165,-1.0311664985118303,-1.0306956693082328,-1.030679712275234,-1.033992849832108,-1.0298754168626496,-1.0314041132545453,1.0717774226790484
0.24673366834170854,1.3180257135064573,1.331137809141379,0.25025037696470553,0.35138165064881904,0.4607308511889597,0.6536454361531796,-1.0311620204160192,-1.0306950191132171,-1.0306750664713562,-1.0339922186101704,-1.0298742077968108,-1.0313928915194337,1.101221009799075
0.25155778894472364,1.3179329365723653,1.3310134506368476,0.2502828866763372,0.35125994445029174,0.4603753255039531,0.6534190364505427,-1.0311576099860407,-1.0306943693225141,-1.0306704781290141,-1.0339915877815469,-1.0298730121043431,-1.0313816697873248,1.120814947619766
0.2563819095477387,1.317842403211578,1.3308891443970967,0.2503311227689993,0.35113826667171183,0.46005174401376936,0.6531926896151199,-1.0311532651158137,-1.0306937199359087,-1.0306659453891933,-1.0339909573460264,-1.029871829377873,-1.0313704480582573,1.142780568010964
0.2612060301507538,1.3177541645241766,1.3307648904014353,0.2503971496694001,0.35101661731506767,0.4597630967228938,0.6529663956506098,-1.031148984002815,-1.0306930709531872,-1.030661466535674,-1.0339903273033995,-1.029870659186871,-1.0313592263322706,1.1737371898123694
0.26603015075376885,1.3176680244554486,1.3306406886292084,0.2504780952403226,0.3508949963824827,0.45950475124587825,0.6527401545609625,-1.0311447645175555,-1.0306924223741345,-1.0306570398907042,-1.033989697653456,-1.0298695012696593,-1.0313480046094026,1.1948265206044117
0.2708542713567839,1.317583793300005,1.3305165390597096,0.25057158514171174,0.3507734038758553,0.4592728504727402,0.6525139663497094,-1.0311406045569755,-1.0306917741985369,-1.0306526637775697,-1.0339890683959858,-1.02986835534918,-1.0313367828896916,1.2135548002979901
0.275678391959799,1.3175015640420304,1.3303924416723056,0.2506801946183735,0.35065183979735953,0.4590713788211943,0.6522878310208946,-1.031136502597849,-1.0306911264261802,-1.030648336682383,-1.0339884395307786,-1.0298672210152282,-1.0313255611731769,1.236158289830384
0.28050251256281405,1.3174212727441084,1.3302683964463156,0.25080345184487773,0.35053030414898095,0.4588994407553135,0.6520617485782119,-1.0311324569713098,-1.0306904790568499,-1.0306440571636766,-1.0339878110576248,-1.029866097975992,-1.0313143394598967,1.2602456416822754
0.2853266331658291,1.3173426430390753,1.3301444033610592,0.2509367931539637,0.35040879693260263,0.4587497713123927,0.6518357190251641,-1.0311284657531665,-1.0306898320903322,-1.030639823832865,-1.0339871829763148,-1.029864986086466,-1.0313031177498893,1.2835909070192022
0.2901507537688442,1.3172657556038725,1.3300204623958802,0.25108285808640385,0.35028731815030767,0.4586264013776554,0.6516097423656261,-1.0311245275072194,-1.0306891855264122,-1.0306356352547046,-1.0339865552866385,-1.0298638849516881,-1.031291896043193,1.3001340674269266
0.2949748743718593,1.3171905871695435,1.3298965735301154,0.2512418812362077,0.35016586780406467,0.45852963327410384,0.6513838186032601,-1.0311206407951423,-1.0306885393648764,-1.0306314901406257,-1.0339859279883856,-1.0298627942868335,-1.0312806743398462,1.3205416198363162
0.2997989949748744,1.3171170004389257,1.3297727367430983,0.25141171929125383,0.3500444458958225,0.4584560219919538,0.6511579477416914,-1.0311168041065701,-1.0306878936055108,-1.0306273872926508,-1.0339853010813473,-1.0298617139046633,-1.0312694526398876,1.338886375331408
0.30462311557788946,1.3170448821260972,1.3296489520141626,0.25159101040331905,0.3499230524274611,0.4584032561779415,0.6509321297844168,-1.0311130159607327,-1.0306872482481013,-1.0306233254955497,-1.0339846745653132,-1.0298606435906201,-1.0312582309433551,1.362654480813305
0.30944723618090453,1.3169742808954323,1.3295252193226625,0.2517814239739153,0.34980168740102285,0.4583739178527115,0.6507063647352361,-1.0311092751595197,-1.030686603292434,-1.0306193035757925,-1.033984048440074,-1.0298595830368633,-1.0312470092502868,1.381883980755028
0.3142713567839196,1.3169051584322353,1.3294015386479385,0.2519828699433911,0.3496803508184205,0.45836781475016486,0.650480652597707,-1.0311055804391367,-1.0306859587382946,-1.0306153204178368,-1.0339834227054197,-1.029858532006025,-1.0312357875607214,1.3975596117767326
0.31909547738693467,1.3168373603650396,1.329277909969319,0.25219275995508283,0.3495590426814929,0.4583808312306233,0.6502549933752503,-1.0311019304473616,-1.0306853145854697,-1.030611374989921,-1.0339827973611413,-1.0298574903592415,-1.031224565874697,1.414360677649028
0.32391959798994974,1.3167708610770217,1.3291543332661733,0.25241136382909607,0.34943776299220825,0.45841319279547793,0.6500293870715272,-1.031098324033287,-1.0306846708337456,-1.0306074662520046,-1.0339821724070286,-1.0298564578660159,-1.0312133441922513,1.4319101294421541
0.3287437185929648,1.3167056805573618,1.3290308085178288,0.2526395671708233,0.3493165117524282,0.45846627399919604,0.6498038336900009,-1.0310947601706535,-1.030684027482908,-1.030603593225058,-1.0339815478428729,-1.0298554342853616,-1.0312021225134227,1.448389091285113
0.3335678391959799,1.316641781485005,1.3289073357036434,0.25287723079603314,0.34919528896402,0.458539828584452,0.6495783332341448,-1.031091237751492,-1.0306833845327434,-1.0305997549311283,-1.0339809236684638,-1.0298544194101555,-1.0311909008382492,1.468827081353368
0.338391959798995,1.3165790332205247,1.3287839148029712,0.2531222260097911,0.34907409462890227,0.4586304804646702,0.6493528857075279,-1.0310877556051863,-1.0306827419830382,-1.0305959504674116,-1.0339802998835927,-1.0298534131142005,-1.0311796791667687,1.4852437720143856
0.34321608040201007,1.3165174108800624,1.3286605457951604,0.25337473181631825,0.34895292874888606,0.4587383438987393,0.6491274911135192,-1.0310843127221074,-1.0306820998335784,-1.0305921789210861,-1.03397967648805,-1.0298524151962483,-1.0311684574990192,1.4977887082663703
0.34804020100502514,1.3164569352554156,1.3285372286595705,0.25363549499763394,0.34883179132582526,0.4588645616741933,0.6489021494555675,-1.031080908248528,-1.0306814580841508,-1.0305884394672782,-1.0339790534816262,-1.0298514254531335,-1.0311572358350387,1.514060084965402
0.3528643216080402,1.3163975781102746,1.3284139633755552,0.2539043974783511,0.34871068236153346,0.45900891669897365,0.6486768607370461,-1.0310775412661677,-1.030680816734542,-1.0305847312864653,-1.0339784308641127,-1.029850443711515,-1.031146014174865,1.5277370634956313
0.3576884422110553,1.3163392650057095,1.3282907499224723,0.25418047288821655,0.34858960185788834,0.45916986397302895,0.6484516249614481,-1.031074210784893,-1.0306801757845379,-1.0305810535566557,-1.0339778086352995,-1.029849469824346,-1.031134792518536,1.5438087936423008
0.36251256281407035,1.3162819120022593,1.328167588279682,0.2544626040581913,0.34846854981665604,0.4593455580377141,0.6482264421320592,-1.0310709158465992,-1.0306795352339253,-1.0305774054945436,-1.0339771867949779,-1.0298485036596594,-1.0311235708660895,1.5570411789459424
0.3673366834170854,1.3162255520118251,1.328044478426553,0.25475180145416804,0.34834752623959775,0.4595375367564065,0.648001312252155,-1.0310676557150251,-1.0306788950824912,-1.0305737863604267,-1.0339765653429382,-1.029847545024687,-1.031112349217563,1.5703285089540828
0.3721608040201005,1.3161701692326762,1.3279214203424428,0.25504806431876664,0.3482265311285582,0.45974577027088326,0.6477762353251675,-1.0310644296165445,-1.0306782553300213,-1.0305701954491175,-1.0339759442789724,-1.0298465937668526,-1.0311011275729947,1.583411794571396
0.37698492462311556,1.3161157374127392,1.3277984140067176,0.25535124966073885,0.34810556448527025,0.45996998136041967,0.64755121135432,-1.0310612367693246,-1.0306776159763031,-1.0305666320599223,-1.0339753236028706,-1.029845649739382,-1.0310899059324221,1.5997283776761555
0.38180904522613063,1.3160621693185104,1.3276754593987499,0.25566004352848465,0.34798462631156535,0.4602080668605215,0.6473262403430194,-1.0310580763370436,-1.0306769770211228,-1.0305630955254672,-1.033974703314424,-1.029844712841877,-1.0310786842958826,1.6106829854207514
0.38663316582914575,1.3160094451671036,1.3275525564979027,0.2559745143109144,0.34786371660907833,0.4604600889612653,0.6471013222943071,-1.0310549475576902,-1.0306763384642674,-1.030559585151382,-1.0339740834134241,-1.0298437829218332,-1.0310674626634142,1.6217584890386492
0.3914572864321608,1.3159575720089058,1.327429705283559,0.2562950689969619,0.34774283537966494,0.4607266870919055,0.6468764572116348,-1.0310518497801537,-1.0306757003055242,-1.0305561003100723,-1.0339734638996612,-1.0298428598299711,-1.031056241035054,1.6341978080007373
0.3962814070351759,1.315906531504794,1.3273069057350808,0.2566216641368772,0.34762198262495414,0.4610077507494141,0.646651645098033,-1.0310487823349122,-1.030675062544679,-1.0305526403896315,-1.033972844772927,-1.029841943436017,-1.03104501941084,1.6450036397619319
0.40110552763819096,1.315856301983476,1.3271841578318417,0.2569542384647466,0.3475011583467247,0.4613031200446277,0.6464268859568104,-1.0310457445641616,-1.0306744251815192,-1.0305492047907723,-1.0339722260330129,-1.0298410336138404,-1.0310337977908095,1.6558246835006005
0.40592964824120603,1.3158068283311983,1.327061461553237,0.2572920254834198,0.3473803625466838,0.4616115457115643,0.646202179791143,-1.0310427357807292,-1.030673788215832,-1.030545792936196,-1.0339716076797096,-1.0298401302643472,-1.0310225761749994,1.666207784118183
0.4107537688442211,1.315758081814544,1.3269388168786258,0.25763461518539926,0.3472595952264649,0.4619324098940452,0.645977526604069,-1.0310397553744461,-1.0306731516474041,-1.0305424042865188,-1.0339709897128089,-1.0298392332839421,-1.0310113545634483,1.6763875672694346
0.41557788944723617,1.3157100698995263,1.3268162237874042,0.2579824847506835,0.3471388563878315,0.4622664339091204,0.6457529263988694,-1.0310368027840617,-1.0306725154760226,-1.0305390382883386,-1.0339703721321019,-1.0298383425392927,-1.0310001329561924,1.6867880329372158
0.42040201005025124,1.315662772555017,1.3266936822589452,0.2583356171315743,0.3470181460323304,0.46261355234218415,0.6455283791784211,-1.0310338773946308,-1.0306718797014742,-1.0305356943778115,-1.0339697549373799,-1.0298374579099911,-1.0309889113532698,1.696355389823982
0.4252261306532663,1.3156161711501457,1.3265711922726349,0.2586939577116695,0.3468974641617275,0.4629736466041634,0.6453038849460092,-1.031030978635909,-1.0306712443235466,-1.030532372029776,-1.0339691381284344,-1.0298365792859285,-1.0309776897547172,1.705107832152256
0.4300502512562814,1.3155702479656917,1.3264487538078635,0.2590573895420456,0.3467768107776218,0.46334652089316536,0.6450794437046083,-1.031028105967678,-1.0306706093420266,-1.0305290707469823,-1.0339685217050572,-1.0298357065646049,-1.030966468160572,1.7142302512853782
0.4348743718592965,1.3155249614568223,1.3263263668440222,0.2594252437154387,0.3466561858816572,0.4637311440633217,0.6448550554572764,-1.0310252588508597,-1.030669974756702,-1.0305257900681843,-1.0339679056670394,-1.0298348396694479,-1.030955246570872,1.7223636361496217
0.4396984924623116,1.3154802920608448,1.3262040313604941,0.2597973808554964,0.3465355894754611,0.4641272799116995,0.6446307202070406,-1.031022436749623,-1.0306693405673593,-1.0305225295024367,-1.033967290014173,-1.0298339784994976,-1.0309440249856536,1.7303980812047635
0.44452261306532664,1.3154362410487754,1.3260817473366822,0.26017416001634536,0.3464150215606476,0.4645354349258917,0.6444064379569037,-1.0310196391768263,-1.0306687067737863,-1.030519288568132,-1.0339666747462493,-1.0298331229417397,-1.030932803404954,1.7380466215137653
0.4493467336683417,1.3153927956835931,1.3259595147519794,0.2605555314190845,0.34629448213876407,0.46495553014675306,0.644182208709744,-1.0310168656752887,-1.0306680733757696,-1.0305160668327389,-1.03396605986306,-1.0298322729074405,-1.0309215818288109,1.745339118147583
0.4541708542713568,1.315349942556663,1.3258373335857843,0.26094141933920534,0.3461739712114677,0.465387455317641,0.6439580324686442,-1.031014115776327,-1.0306674403730978,-1.0305128638561734,-1.033965445364397,-1.0298314283053802,-1.0309103602572611,1.7519414433708713
0.45899497487437185,1.3153076675644284,1.3257152038174798,0.26133175459869784,0.34605348878028386,0.46583109998526334,0.643733909236442,-1.0310113890211758,-1.0306668077655572,-1.0305096792068587,-1.0339648312500518,-1.0298305890466068,-1.030899138690341,1.758285669304868
0.4638190954773869,1.3152659539404354,1.325593125426489,0.2617264613932304,0.3459330348468306,0.46628633324759594,0.6435098390161473,-1.0310086849376945,-1.030666175552936,-1.0305065124442265,-1.0339642175198167,-1.029829755040098,-1.0308879171280882,1.7654799675302673
0.468643216080402,1.3152247702028421,1.325471098392196,0.2621251569264599,0.34581260941260034,0.46675254566295876,0.6432858218105362,-1.031006003091352,-1.0306655437350218,-1.0305033631776297,-1.033963604173483,-1.029828926219368,-1.0308766955705395,1.7714691558268418
0.47346733668341706,1.315184100888908,1.3253491226940264,0.2625277034649638,0.34569221247917886,0.46722953738772505,0.6430618576225586,-1.0310033430477763,-1.0306649123116018,-1.0305002309999405,-1.0339629912108432,-1.0298281025025375,-1.030865474017732,1.7757577656616113
0.4782914572864322,1.3151439455947254,1.3252271983113728,0.2629342682896992,0.3455718440480828,0.46771758282614895,0.6428379464550358,-1.031000704410632,-1.0306642812824638,-1.0304971155155294,-1.0339623786316887,-1.0298272838008682,-1.0308542524697022,1.7811418905374878
0.48311557788944726,1.3151042943206994,1.325105325223653,0.26334484712576633,0.3454515041208346,0.46821667492716285,0.6426140883107998,-1.0309980867945978,-1.0306636506473954,-1.0304940163492227,-1.0339617664358118,-1.0298264700375879,-1.0308430309264867,1.7856395886177094
0.4879396984924623,1.315065135262029,1.3249835034102668,0.2637594188529682,0.34533119269887,0.46872677041643057,0.6423902831925217,-1.0309954898160092,-1.0306630204061844,-1.0304909331288015,-1.0339611546230048,-1.0298256611374899,-1.0308318093881228,1.7900327805805345
0.4927638190954774,1.3150264559601652,1.3248617328506385,0.2641779420156114,0.34521090978380564,0.4692478005933839,0.6421665311032084,-1.0309929130858893,-1.0306623905586185,-1.0304878654794642,-1.0339605431930594,-1.0298248570244917,-1.0308205878546473,1.7950758107436877
0.49758793969849247,1.314988245856965,1.3247400135241831,0.2646003625076137,0.3450906553770436,0.4697796995554099,0.6419428320454682,-1.0309903562416494,-1.030661761104486,-1.030484813047275,-1.0339599321457678,-1.0298240576278486,-1.0308093663260962,1.7976504094526693
0.5024120603015075,1.3149504940182635,1.3246183454103133,0.26502660505131875,0.34497042948011597,0.4703223756576538,0.6417191860221513,-1.030987818931976,-1.030661132043574,-1.030481775488606,-1.0339593214809226,-1.0298232628798696,-1.0307981448025065,1.8002354454685132
0.5072361809045226,1.3149131896228836,1.3244967284884444,0.2654566239845677,0.34485023209439175,0.4708757701260763,0.6414955930358041,-1.0309853008178929,-1.0306605033756708,-1.03047875246802,-1.0339587111983155,-1.029822472715006,-1.0307869232839153,1.8032710573637576
0.5120603015075377,1.3148763214121677,1.3243751627380111,0.26589037775147784,0.3447300632213896,0.4714398258041918,0.6412720530892517,-1.0309828015474287,-1.0306598751005642,-1.0304757436403138,-1.0339581012977392,-1.0298216870642525,-1.0307757017703583,1.8072776164416076
0.5168844221105527,1.3148398659504552,1.3242536481384297,0.2663275746895955,0.3446099228625439,0.4720141047171015,0.6410485661851623,-1.030980320762836,-1.0306592472180427,-1.0304727486715715,-1.033957491778986,-1.029820905869817,-1.030764480261873,1.8081143091922054
0.5217085427135678,1.3148038236451787,1.3241321846691305,0.2667683771017149,0.34448981101926224,0.4725988770598114,0.6408251323261546,-1.0309778581724436,-1.030658619727894,-1.0304697672503262,-1.033956882641848,-1.0298201290659923,-1.0307532587584949,1.8093030087488036
0.5265326633165829,1.3147681866906133,1.3240107723095338,0.2672127637049108,0.3443697276929571,0.473194146645365,0.6406017515148558,-1.0309754134568896,-1.030657992629906,-1.0304667990552692,-1.033956273886118,-1.0298193565885163,-1.030742037260261,1.8113282319469817
0.531356783919598,1.3147329465481408,1.3238894110390813,0.2676607176523126,0.3442496728850836,0.4737999107603358,0.6403784237539728,-1.0309729863072714,-1.0306573659238674,-1.0304638437730518,-1.0339556655115885,-1.029818588375853,-1.030730815767208,1.8128757001161653
0.536180904522613,1.314698094279915,1.323768100837201,0.26811221505021826,0.3441296465969331,0.47441615906938583,0.6401551490459079,-1.0309705764204224,-1.030656739609566,-1.0304609010954602,-1.0339550575180518,-1.0298178243680378,-1.0307195942793719,1.8131946379148352
0.5410050251256281,1.3146636221174406,1.3236468416833245,0.2685672717213048,0.3440096488299839,0.4750429245006268,0.639931927393411,-1.030968183533955,-1.03065611368679,-1.0304579707420156,-1.033954449905301,-1.0298170645139537,-1.0307083727967887,1.8144795220061354
0.5458291457286432,1.3146295188587256,1.3235256335568986,0.26902581697835054,0.34388967958557337,0.47568013757401917,0.6397087587989698,-1.0309658073174313,-1.030655488155328,-1.0304550523874878,-1.0339538426731283,-1.0298163087483116,-1.0306971513194954,1.8112457742529993
0.5506532663316583,1.3145957793646905,1.3234044764373516,0.26948786896733506,0.3437697388650376,0.4763278554857545,0.63948564326507,-1.0309634475363922,-1.0306548630149686,-1.0304521457713551,-1.0339532358213264,-1.0298155570250542,-1.0306859298475277,1.8105117983651284
0.5554773869346734,1.3145623944458484,1.3232833703041271,0.2699533706374778,0.3436498266697386,0.47698604050283283,0.6392625807942449,-1.0309611038907918,-1.0306542382654995,-1.0304492505901284,-1.0339526293496881,-1.0298148092848258,-1.0306747083809225,1.81084505986425
0.5603015075376885,1.3145293580841735,1.3231623151366725,0.2704223379183746,0.3435299430010292,0.4776547473946764,0.6390395713890112,-1.0309587761406238,-1.0306536139067095,-1.0304463665793024,-1.0339520232580062,-1.02981406548032,-1.0306634869197149,1.806990507948598
0.5651256281407036,1.3144966605190291,1.3230413109144326,0.27089471155963385,0.3434100878602095,0.47833393561621995,0.6388166150517876,-1.030956463993881,-1.0306529899383872,-1.030443493441688,-1.0339514175460738,-1.029813325554093,-1.0306522654639418,1.8066864362072061
0.5699497487437186,1.314464294856195,1.3229203576168596,0.27137050106687804,0.34329026124858497,0.4790236481737454,0.6385937117850021,-1.030954167213675,-1.0306523663603209,-1.0304406309152419,-1.0339508122136836,-1.0298125894597157,-1.0306410440136395,1.8029082942222943
0.5747738693467337,1.3144322533064186,1.3227994552233928,0.2718496892876988,0.3431704631674627,0.4797239039733896,0.6383708615910866,-1.030951885536814,-1.0306517431722995,-1.0304377787209476,-1.0339502072606284,-1.0298118571446788,-1.0306298225688437,1.8014839759495078
0.5795979899497488,1.3144005300198944,1.322678603713494,0.2723322703290994,0.34305069361820023,0.4804347468508394,0.638148064472566,-1.0309496187386602,-1.0306511203741113,-1.030434936606044,-1.0339496026867014,-1.0298111285649687,-1.0306186011295901,1.7983832992446418
0.5844221105527638,1.3143691190803493,1.3225578030666165,0.2728182401404544,0.3429309526019595,0.4811562242500986,0.6379253204316021,-1.0309473665880056,-1.0306504979655455,-1.03043210431267,-1.0339489984916956,-1.0298104036746312,-1.0306073796959154,1.7960677680010924
0.5892462311557789,1.3143380131477373,1.3224370532622116,0.27330757467606126,0.3428112401200637,0.48188835886428943,0.6377026294706561,-1.03094512884299,-1.0306498759463905,-1.030429281576652,-1.0339483946754042,-1.0298096824260088,-1.0305961582678551,1.7896604188327254
0.594070351758794,1.314307206375393,1.3223163542797511,0.2738002801373838,0.34269155617379815,0.48263121490742666,0.6374799915921192,-1.0309429052901127,-1.0306492543164347,-1.0304264681511575,-1.0339477912376203,-1.0298089647773028,-1.0305849368454454,1.7832807677870137
0.598894472361809,1.3142766926529876,1.3221957060986846,0.2742963603031222,0.3425719007643726,0.48338485566306943,0.6372574067982415,-1.030940695698664,-1.0306486330754678,-1.030423663777528,-1.0339471881781368,-1.0298082506821664,-1.0305737154287213,1.7769917334282266
0.6037185929648241,1.314246466115461,1.322075108698487,0.27479582738075176,0.3424522738930461,0.4841493558670678,0.6370348750913654,-1.030938499856179,-1.0306480122232782,-1.0304208682085871,-1.0339465854967476,-1.0298075400986888,-1.03056249401772,1.7728714670210084
0.6085427135678392,1.3142165199873992,1.3219545620586175,0.27529866987791235,0.34233267556100744,0.4849247665247486,0.636812396473702,-1.0309363175359185,-1.030647391759655,-1.0304180811888795,-1.0339459831932454,-1.0298068329818995,-1.0305512726124764,1.763803686983694
0.6133668341708542,1.3141868501818734,1.3218340661585457,0.27580491630367543,0.3422131057694562,0.48571119434173443,0.636589970947483,-1.0309341485550472,-1.030646771684387,-1.0304153024890086,-1.0339453812674235,-1.0298061292958576,-1.0305400512130265,1.7581796716862332
0.6181909547738693,1.3141574510737886,1.3217136209777436,0.27631456050021286,0.342093564519645,0.4865087103863026,0.6363675985150387,-1.0309319927027136,-1.0306461519972634,-1.030412531862874,-1.0339447797190762,-1.029805428998494,-1.0305288298194055,1.7524375071784317
0.6230150753768844,1.31412831783495,1.3215932264956884,0.2768276187662935,0.34197405181275536,0.4873174129387446,0.6361452791785664,-1.0309298497882913,-1.0306455326980735,-1.0304097690755518,-1.0339441785479957,-1.0298047320521788,-1.0305176084316499,1.7450580512509053
0.6278391959798995,1.3140994455905923,1.321472882691844,0.27734410679914323,0.341854567649889,0.488137403908693,0.6359230129401161,-1.030927719625069,-1.0306449137866058,-1.0304070138938182,-1.0339435777539765,-1.0298040384202864,-1.030506387049795,1.7315354699777699
0.6326633165829145,1.3140708283278253,1.321352589545697,0.2778640208745043,0.3417351120323327,0.4889687696236728,0.6357007998020813,-1.030925602004974,-1.0306442952626502,-1.030404266071442,-1.0339429773368116,-1.029803348061293,-1.0304951656738761,1.72266961739381
0.6374874371859296,1.314042460193009,1.321232347036734,0.27838736268232545,0.3416156849611602,0.4898116050323722,0.6354786397664594,-1.0309234967275938,-1.0306436771259955,-1.030401525366096,-1.033942377296295,-1.0298026609354674,-1.0304839443039293,1.7134661852716744
0.6423115577889448,1.3140143370071051,1.3211121551444247,0.2789141628630372,0.34149628643749375,0.4906660412650031,0.6352565328353379,-1.0309214036263155,-1.0306430593764313,-1.03039879155382,-1.03394177763222,-1.0298019770106197,-1.0304727229399895,1.7013432428724518
0.6471356783919598,1.3139864536461234,1.3209920138482634,0.2794444267689982,0.3413769164625365,0.4915321868518854,0.635034479010955,-1.0309193225084667,-1.0306424420137468,-1.030396064395968,-1.0339411783443806,-1.0298012962482856,-1.0304615015820926,1.6947002992838944
0.6519597989949749,1.3139588059625091,1.3208719231277324,0.27997818666306756,0.3412575750373826,0.49241018470886894,0.6348124782953461,-1.0309172532016617,-1.0306418250377314,-1.030393343663853,-1.0339405794325702,-1.0298006186143007,-1.030450280230274,1.680673257798551
0.65678391959799,1.3139313900037644,1.3207518829623335,0.28051546362852703,0.3411382621631367,0.4933001703888724,0.6345905306905661,-1.0309151955433997,-1.0306412084481746,-1.030390629134196,-1.0339399808965832,-1.0297999440770598,-1.030439058884569,1.6662124628885673
0.661608040201005,1.3139042017707834,1.3206318933315377,0.2810562803396714,0.3410189778408678,0.49420229009264594,0.6343686361986036,-1.0309131493680541,-1.0306405922448658,-1.030387920580689,-1.033939382736213,-1.029799272603983,-1.030427837545013,1.6524482830447873
0.6664321608040201,1.313877237208936,1.3205119542148622,0.2816006627376746,0.3408997220717195,0.49511669597541885,0.6341467948215858,-1.0309111145081484,-1.0306399764275946,-1.0303852177746038,-1.0339387849512536,-1.0297986041618723,-1.0304166162116413,1.6394190885686497
0.6712562814070352,1.3138504920832939,1.3203920655917853,0.2821486327156544,0.34078049485674705,0.49604353830661135,0.6339250065614758,-1.0309090908080452,-1.0306393609961506,-1.030382520492206,-1.0339381875414988,-1.0297979387210416,-1.0304053948844891,1.6223526342282817
0.6760804020100503,1.3138239597771368,1.3202722274418226,0.2827001568729722,0.3406612961970138,0.49698289829022285,0.6337032714202515,-1.0309070781093703,-1.0306387459503235,-1.030379828507975,-1.0339375905067432,-1.0297972762539225,-1.030394173563592,1.6110629675995298
0.6809045226130653,1.313797636127018,1.3201524397444566,0.2832552742618611,0.34054212609351653,0.497934958826005,0.6334815893997674,-1.0309050762573888,-1.0306381312899031,-1.0303771415929661,-1.0339369938467802,-1.0297966167308366,-1.0303829522489847,1.5877027814692188
0.6857286432160804,1.3137715194247774,1.3200327024792202,0.2838140747559752,0.34042298454740166,0.4989000031499775,0.6332599605021557,-1.0309030850725345,-1.0306375170146789,-1.0303744595049424,-1.0339363975614047,-1.0297959601118158,-1.0303717309407026,1.5724187743410905
0.6905527638190955,1.3137456066015691,1.31991301562559,0.28437660203959847,0.3403038715596224,0.49987823848695134,0.63303838472919,-1.0309011044082095,-1.0306369031244407,-1.0303717820194227,-1.0339358016504099,-1.0297953063679834,-1.030360509638781,1.5538515984379706
0.6953768844221105,1.3137198948780657,1.3197933791630923,0.28494290332160876,0.3401847871312786,0.5008698797936958,0.6328168620829161,-1.03089913412836,-1.0306362896189785,-1.030369108915334,-1.0339352061135907,-1.0297946554731006,-1.0303492883432548,1.5366950697895376
0.7002010050251256,1.3136943805062262,1.3196737930712432,0.28551300983716404,0.3400657312632927,0.5018751345945298,0.6325953925650499,-1.0308971740759738,-1.0306356764980826,-1.0303664399601813,-1.0339346109507412,-1.029794007395877,-1.0303380670541586,1.5189093984157642
0.7050251256281407,1.3136690605443682,1.3195542573295476,0.28608697279652295,0.33994670395670185,0.5028942327090643,0.6323739761775207,-1.0308952241247493,-1.0306350637615422,-1.0303637749319692,-1.033934016161656,-1.0297933621130053,-1.0303268457715284,1.4936732791259613
0.7098492462311558,1.3136439306845737,1.3194347719175277,0.2866648166680874,0.3398277052125036,0.5039273859894638,0.6321526129221842,-1.030893284125356,-1.030634451409148,-1.0303611135962678,-1.0339334217461291,-1.0297927195961014,-1.0303156244953986,1.471722691726288
0.7146733668341708,1.3136189860028922,1.3193153368146966,0.2872465630873702,0.3397087350316504,0.5049748050725185,0.6319313028008121,-1.0308913539406075,-1.0306338394406895,-1.0303584557196632,-1.033932827703955,-1.0297920798209865,-1.0303044032258042,1.4505765173868144
0.7194974874371859,1.313594217892806,1.3191959520005818,0.28783213612527525,0.3395897934151402,0.5060365784293042,0.6317100458152608,-1.030889433435518,-1.030633227855957,-1.0303558010689402,-1.0339322340349284,-1.0297914427686803,-1.0302931819627796,1.4277476273697667
0.724321608040201,1.3135696288442054,1.3190766174547053,0.28842171317601856,0.33947088036389855,0.5071131357763604,0.6314888419672521,-1.0308875224909104,-1.030632616654741,-1.0303531494136406,-1.0339316407388437,-1.029790808411127,-1.0302819607063607,1.39781797766041
0.729145728643216,1.3135452189076766,1.318957333156601,0.28901540923236335,0.3393519958788875,0.5082048605311442,0.6312676912585756,-1.0308856209573818,-1.0306320058368312,-1.030350500512557,-1.0339310478154955,-1.0297901767141893,-1.0302707394565818,1.3726338764613146
0.7339698492462312,1.3135209848650604,1.3188380990857833,0.2896132655234878,0.3392331399610363,0.5093120337021533,0.6310465936909601,-1.0308837287116064,-1.0306313954020185,-1.0303478541305597,-1.0339304552646786,-1.029789547655567,-1.0302595182134775,1.3467935539405933
0.7387939698492463,1.313496922415729,1.3187189152217909,0.29021531274897117,0.3391143126112301,0.5104349355254845,0.6308255492660517,-1.0308818456154987,-1.0306307853500927,-1.0303452100221833,-1.0339298630861875,-1.0297889212098446,-1.0302482969770823,1.3216195462298972
0.7436180904522613,1.3134730269450523,1.318599781544175,0.2908215886791483,0.33899551383044707,0.5115738581763446,0.6306045579856704,-1.0308799715382073,-1.0306301756808445,-1.030342567938855,-1.0339292712798174,-1.0297882973540327,-1.0302370757474315,1.2902218973883053
0.7484422110552764,1.3134492898921173,1.3184806980324433,0.2914320181075361,0.33887674361951337,0.5127289696625784,0.6303836198513529,-1.0308781063598769,-1.030629566394064,-1.030339927633046,-1.0339286798453622,-1.029787676073501,-1.0302258545245597,1.259618351754569
0.7532663316582915,1.3134257108559446,1.3183616646661591,0.29204670974352204,0.3387580019793678,0.513900677059384,0.6301627348648455,-1.030876249966815,-1.0306289574895418,-1.0303372888589164,-1.0339280887826177,-1.0297870573452055,-1.0302146333085012,1.2286333409635837
0.7580904522613066,1.313402295717946,1.3182426814248547,0.29266594361370113,0.3386392889108765,0.5150895861979826,0.6299419030277597,-1.0308744022641063,-1.0306283489670687,-1.0303346513703584,-1.0339274980913784,-1.0297864411438138,-1.0302034120992907,1.1954955603489366
0.7629145728643216,1.3133790414566255,1.318123748288082,0.2932897849513087,0.33852060441489124,0.5162960641239284,0.6297211243416795,-1.0308725631349906,-1.030627740826435,-1.0303320149081896,-1.0339269077714395,-1.0297858274488538,-1.030192190896963,1.1593991536619892
0.7677386934673367,1.3133559415669123,1.3180048652353773,0.2939182260768991,0.33840194849226,0.5175204555491019,0.6295003988081826,-1.0308707324278252,-1.0306271330674315,-1.0303293791998256,-1.0339263178225955,-1.0297852162333418,-1.030180969701552,1.1240544832757824
0.7725628140703518,1.3133329864845351,1.3178860322462984,0.29455116626220545,0.338283321143881,0.5187630039776145,0.6292797264289399,-1.030868910018896,-1.0306265256898488,-1.0303267439743287,-1.0339257282446421,-1.0297846074828596,-1.030169748513093,1.0897018075708298
0.7773869346733668,1.3133101748697915,1.3177672493003953,0.2951886961625928,0.33816472237054024,0.5200241701803444,0.6290591072054136,-1.0308670958053034,-1.0306259186934779,-1.0303241089659667,-1.0339251390373743,-1.0297840011788348,-1.0301585273316196,1.0538844112940837
0.7822110552763819,1.3132875135085351,1.3176485163772236,0.2958311384057871,0.33804615217304784,0.5213046861066832,0.6288385411391105,-1.0308652896854251,-1.0306253120781088,-1.0303214739059383,-1.033924550200587,-1.0297833972924408,-1.0301473061571669,1.0132160312503504
0.787035175879397,1.3132649986887641,1.3175298334563428,0.2964785628739575,0.3379276105522483,0.5226050059473628,0.6286180282316016,-1.0308634915578456,-1.0306247058435336,-1.0303188385083781,-1.0339239617340754,-1.029782795808893,-1.0301360849897685,0.9750032341754425
0.791859296482412,1.3132426239133308,1.317411200517316,0.29713098601660015,0.3378090975089535,0.5239255494828781,0.6283975684843974,-1.0308617013081611,-1.0306240999895424,-1.030316202473715,-1.0339233736376354,-1.0297821967129854,-1.0301248638294598,0.9310527757507903
0.7966834170854271,1.3132203795598687,1.3172926175397024,0.2977882874240532,0.3376906130439187,0.5252666237717395,0.6281771618989025,-1.0308599188449086,-1.0306234945159263,-1.030313565500694,-1.0339227859110616,-1.0297816000012348,-1.0301136426762738,0.8884627289055544
0.8015075376884422,1.3131982764376535,1.3171740845030706,0.29845089095164834,0.33757215715793276,0.5266291987398046,0.6279568084765846,-1.0308581440400197,-1.0306228894224763,-1.0303109273052222,-1.03392219855415,-1.0297810056311174,-1.030102421530246,0.8459373470383285
0.8063316582914573,1.3131763107188923,1.3170556013869827,0.2991188695725017,0.3374537298517655,0.5280138475551026,0.6277365082188756,-1.0308563767849963,-1.0306222847089834,-1.030308287574752,-1.0339216115666958,-1.029780413585897,-1.0300912003914093,0.8027292438150635
0.8111557788944723,1.313154473651764,1.3169371681710214,0.29979218600866664,0.33733533112619407,0.5294210612645059,0.6275162611272213,-1.0308546169681108,-1.0306216803752393,-1.0303056459762856,-1.0339210249484945,-1.0297798238545384,-1.030079979259799,0.758590211189239
0.8159798994974874,1.3131327578123722,1.3168187848347488,0.30047079823083594,0.33721696098189724,0.5308513727339157,0.6272960672028841,-1.0308528644942296,-1.0306210764210344,-1.0303030021741582,-1.033920438699342,-1.0297792364297846,-1.0300687581354484,0.7127236373591624
0.8208040201005025,1.3131111760982943,1.316700451357751,0.3011552293190742,0.33709861941968394,0.5323058337852711,0.6270759264473691,-1.0308511192873964,-1.03062047284616,-1.0303003558526693,-1.0339198528190332,-1.0297786512829354,-1.030057537018392,0.6627737813187458
0.8256281407035176,1.3130897233145633,1.3165821677196055,0.3018455580310923,0.3369803064402857,0.5337850968033213,0.6268558388620369,-1.0308493812560195,-1.030619869650408,-1.030297706645414,-1.0339192673073645,-1.029778068405402,-1.030046315908664,0.6157395963400174
0.8304522613065327,1.3130683841412962,1.316463933899884,0.3025415414939202,0.33686202204433197,0.5352896916836484,0.6266358044480584,-1.0308476502690884,-1.0306192668335694,-1.0302950541699845,-1.033918682164131,-1.0297774877897954,-1.0300350948062982,0.5689347324425317
0.8352763819095478,1.3130471674573423,1.3163457498781947,0.30324359640094295,0.3367437662326133,0.5368207537982391,0.6264158232069044,-1.0308459262153884,-1.0306186643954356,-1.0302923980880199,-1.033918097389129,-1.0297769094013576,-1.030023873711328,0.5215364884113701
0.8401005025125629,1.3130260745892006,1.3162276156340966,0.3039519597361496,0.33662553900574826,0.5383792202506457,0.6261958951397253,-1.0308442090159864,-1.030618062335798,-1.030289738020083,-1.0339175129821543,-1.0297763332266667,-1.0300126526237885,0.4739115277248378
0.8449246231155779,1.3130050906024668,1.3161095311471926,0.30466646475919207,0.3365073403644398,0.5399657917428345,0.6259760202478288,-1.0308424985658122,-1.0306174606544478,-1.0302870735202923,-1.0339169289430026,-1.0297757592671342,-1.030001431543713,0.4245772341149148
0.849748743718593,1.3129842215173366,1.315991496397087,0.3053874969761255,0.33638917030939924,0.5415816005780257,0.6257561985325384,-1.030840794784518,-1.030616859351177,-1.0302844041838684,-1.03391634527147,-1.029775187503163,-1.0299902104711351,0.3750854902155683
0.8545728643216081,1.3129634729648045,1.3158735113633608,0.30611541394036845,0.33627102884128196,0.5432277574224214,0.625536429995073,-1.0308390976119295,-1.0306162584257774,-1.0302817295872746,-1.0339157619673525,-1.029774617922549,-1.0299789894060885,0.32883925774075273
0.8593969849246231,1.3129428260933076,1.315755576025614,0.3068499260683749,0.33615291596066454,0.5449052397879239,0.6253167146365051,-1.030837406893799,-1.0306156578780399,-1.03027904924537,-1.033915179030446,-1.0297740505162372,-1.0299677683486077,0.2831887460781936
0.8642211055276382,1.3129222882497604,1.3156376903634566,0.3075915103723009,0.3360348316682278,0.5466154739973904,0.6250970524581012,-1.0308357225252212,-1.0306150577077573,-1.0302763627223959,-1.0339145964605465,-1.0297734852544895,-1.0299565472987262,0.23899308466010644
0.8690452261306533,1.3129018618250652,1.3155198543564832,0.3083404599360711,0.3359167759646352,0.5483597675268788,0.6248774434610956,-1.030834044440154,-1.0306144579147205,-1.0302736695343866,-1.0339140142574506,-1.0297729221283909,-1.0299453262564775,0.19450214431037313
0.8738693467336683,1.3128815307997437,1.3154020679843137,0.3090965769722915,0.33579874885048366,0.5501392926393287,0.6246578876465987,-1.0308323725550308,-1.0306138584987217,-1.0302709690843277,-1.0339134324209545,-1.029772361150834,-1.029934105221895,0.1538429720913682
0.8786934673366834,1.3128613108835028,1.315284331226533,0.3098606348410383,0.3356807503263224,0.551955647281314,0.624438385015632,-1.0308307067999238,-1.0306132594595523,-1.0302682608714366,-1.0339128509508542,-1.0297718022932383,-1.029922884195013,0.11734015726405483
0.8835175879396985,1.3128411891205352,1.315166644062775,0.3106325313957794,0.33556278039277543,0.5538103639804342,0.6242189355693565,-1.0308290470610466,-1.030612660797005,-1.0302655442794588,-1.033912269846946,-1.029771245554193,-1.0299116631758647,0.08494933655445401
0.8883417085427135,1.3128211623249801,1.3150490064726519,0.3114124573356021,0.33544483905048,0.5557053454170897,0.6239995393089575,-1.0308273931895584,-1.0306120625108712,-1.030262818757582,-1.0339116891090265,-1.029770690904933,-1.0299004421644835,0.05674943598065392
0.8931658291457286,1.3128012367114232,1.3149314184357752,0.3122009621864826,0.33532692629994904,0.5576424239245089,0.6237801962353892,-1.0308257451189018,-1.0306114646009434,-1.0302600836833984,-1.033911108736892,-1.0297701383326263,-1.0298892211609032,0.03384128910485959
0.8979899497487437,1.3127813981298169,1.3148138799317766,0.31299789993697485,0.3352090421417754,0.5596235477214905,0.6235609063497543,-1.030824102796036,-1.0306108670670133,-1.0302573382665536,-1.0339105287303394,-1.029769587861223,-1.0298780001651573,0.01795424805548794
0.9028140703517588,1.3127616648208735,1.314696390940267,0.31380422736009905,0.33509118657647263,0.5616505980565406,0.6233416696530083,-1.0308224661736398,-1.030610269908873,-1.0302545818368114,-1.0339099490891648,-1.0297690394689796,-1.0298667791772789,0.00786529928263693
0.9076381909547738,1.3127420149123983,1.3145789514408814,0.3146196650278492,0.3349733596046515,0.5637261715602636,0.6231224861462873,-1.0308208350990726,-1.0306096731263157,-1.0302518135291752,-1.0339093698131652,-1.0297684931574216,-1.0298555581973017,0.0024783943326069247
0.9124623115577889,1.3127224577754366,1.3144615614132498,0.3154448809270335,0.33485556122676313,0.5658529787205229,0.6229033558304303,-1.0308192094138038,-1.0306090767191323,-1.0302490327204152,-1.0339087909021367,-1.0297679488766838,-1.0298443372252588,0.0004750175572161992
0.917286432160804,1.3127029786855853,1.3143442208369918,0.31627989950588364,0.33473779144335525,0.5680339167518211,0.6226842787064566,-1.030817589034732,-1.030608480687116,-1.0302462383717659,-1.0339082123558767,-1.029767406645251,-1.029833116261184,5.205109353981463e-5
0.9221105527638191,1.3126835912173136,1.3142269296917635,0.3171255461456197,0.3346200502549351,0.5702716285174889,0.6224652547753093,-1.030815973939074,-1.030607885030059,-1.0302434295875447,-1.0339076341741817,-1.029766866459013,-1.02982189530511,2.2960795456565456e-6
0.9269346733668342,1.3126642877042562,1.3141096879571832,0.31798210458208653,0.3345023376620143,0.572569283650412,0.6222462840379407,-1.0308143640894878,-1.0306072897477536,-1.030240605133234,-1.0339070563568484,-1.0297663283458365,-1.0298106743570703,1.4186423919557446e-8
0.9317587939698493,1.3126450704101227,1.3139924956129099,0.31885012757900516,0.3343846536651091,0.5749309216801629,0.6220273664953105,-1.030812759286765,-1.0306066948399926,-1.0302377641792801,-1.033906478903674,-1.0297657922532175,-1.029799453417098,1.5148098165863753e-144
0.9365829145728644,1.3126259239178526,1.3138753526385643,0.31972971021035307,0.3342669982646165,0.5773612992678571,0.6218085021481575,-1.0308111594006681,-1.030606100306568,-1.0302349054099738,-1.0339059018144552,-1.0297652581867096,-1.0297882324852268,6.224591667662422e-195
0.9414070351758794,1.3126068596921334,1.3137582590138221,0.32062188427026805,0.3341493714610838,0.5798640784624323,0.6215896909975,-1.0308095643675823,-1.030605506147273,-1.0302320275882708,-1.0339053250889891,-1.029764726136019,-1.0297770115614888,9.313787223459975e-295
0.9462311557788945,1.3125878687291839,1.313641214718313,0.32152698844187333,0.3340317732548882,0.5824443501972018,0.6213709330440393,-1.0308079741721468,-1.0306049123618999,-1.0302291288893954,-1.033904748727073,-1.0297641961481574,-1.029765790645918,0.0
0.9510552763819096,1.312568958928882,1.3135242197316943,0.32244601357503266,0.33391420364656516,0.585107421142059,0.6211522282887717,-1.030806388631223,-1.0306043189502416,-1.0302262081287146,-1.0339041727285037,-1.0297636681718123,-1.0297545697385473,0.0
0.9558793969849246,1.3125501083693785,1.313407274033616,0.3233790215267406,0.33379666263645047,0.5878616378347937,0.6209335767323219,-1.0308048075815823,-1.0306037259120908,-1.0302232633634325,-1.0339035970930783,-1.0297631422175755,-1.0297433488394092,0.0
0.9607035175879397,1.312531333330381,1.313290377603744,0.32432737023498526,0.33367915022505557,0.5907130474933844,0.620714978375641,-1.030803230978262,-1.0306031332472405,-1.0302202927757789,-1.0339030218205945,-1.0297626182818116,-1.0297321279485374,0.0
0.9655276381909548,1.3125126315848323,1.3131735304217385,0.3252920969247969,0.3335616664127364,0.5936681878007526,0.6204964332193914,-1.0308016587951847,-1.030602540955483,-1.0302172937172196,-1.0339024469108493,-1.0297620964096543,-1.0297209070659645,0.0
0.9703517587939698,1.312493984062226,1.3130567324672655,0.32627360372311476,0.33344421119989825,0.5967396228099254,0.6202779412643269,-1.0308000907643586,-1.0306019490366123,-1.0302142638382639,-1.0339018723636402,-1.0297615765699077,-1.029709686191723,0.0
0.9751758793969849,1.312475401079781,1.3129399837199889,0.32727338483302865,0.33332678458696263,0.5999381186536712,0.6200595025112315,-1.0307985267228075,-1.0306013574904205,-1.0302112009139086,-1.0339012981787645,-1.0297610587243033,-1.0296984653258463,0.0
0.98,1.3124568807956822,1.3128232841595788,0.32829268456097016,0.33320938657426896,0.6032765284213443,0.619841116960737,-1.0307969666815124,-1.030600766316701,-1.0302081010502089,-1.0339007243560197,-1.0297605429457346,-1.0296872444683673,0.0
